A_deg,B_deg,C_deg,transmission_file,t_ef_0V,log10_t_ef_0V,i_plus_1.718V_A,i_minus_1.718V_A,abs_i_plus_1.718V_A,abs_i_minus_1.718V_A,rectification_ratio_1.718V,log10_rectification_ratio_1.718V,rr_cluster_k2,rr_cluster_k4
0,0,0,A_000/B_000/C_000/Field_0.0000/Transmission.txt,0.000405401405734,-3.3921147497193282,2.6265682900000004e-06,-3.29138544e-07,2.6265682900000004e-06,3.29138544e-07,7.980129759582335,0.902009953181859,0,3
0,0,15,A_000/B_000/C_015/Field_0.0000/Transmission.txt,0.00041191325376399996,-3.3851942339140235,2.2858784399999997e-06,-3.03508742e-07,2.2858784399999997e-06,3.03508742e-07,7.531507741546371,0.8768819268363406,0,3
0,0,30,A_000/B_000/C_030/Field_0.0000/Transmission.txt,0.00037898343365,-3.421379773756563,1.41861354e-06,-2.50109014e-07,1.41861354e-06,2.50109014e-07,5.671980858714672,0.7537347565599499,0,3
0,0,45,A_000/B_000/C_045/Field_0.0000/Transmission.txt,0.000301415492746,-3.520834428726184,5.940611429999999e-07,-1.7890724399999996e-07,5.940611429999999e-07,1.7890724399999996e-07,3.3204979838602853,0.5212032208800522,0,3
0,0,60,A_000/B_000/C_060/Field_0.0000/Transmission.txt,0.000184727879967,-3.733467553925909,1.9460588600000003e-07,-8.1799757e-08,1.9460588600000003e-07,8.1799757e-08,2.37905212848004,0.376403958163034,0,3
0,0,75,A_000/B_000/C_075/Field_0.0000/Transmission.txt,6.177800757600001e-05,-4.20916610239103,3.92310754e-08,-4.00774907e-08,3.92310754e-08,4.00774907e-08,0.9788805315598266,-0.009270308861159057,1,1
0,0,90,A_000/B_000/C_090/Field_0.0000/Transmission.txt,1.08650114392e-06,-5.963969812097361,2.86955209e-10,-4.97858749e-09,2.86955209e-10,4.97858749e-09,0.057637876119758624,-1.23929203074603,1,1
0,15,0,A_000/B_015/C_000/Field_0.0000/Transmission.txt,0.0004159918364,-3.3809151920684988,2.3845976200000003e-06,-3.05448838e-07,2.3845976200000003e-06,3.05448838e-07,7.806864270997815,0.8924766288498809,0,3
0,15,15,A_000/B_015/C_015/Field_0.0000/Transmission.txt,0.000447663951912,-3.3490478757215643,2.07079325e-06,-2.8759281800000005e-07,2.07079325e-06,2.8759281800000005e-07,7.2004345045918345,0.8573587043830622,0,3
0,15,30,A_000/B_015/C_030/Field_0.0000/Transmission.txt,0.00042664201032800004,-3.3699363829340765,1.26283525e-06,-2.49090109e-07,1.26283525e-06,2.49090109e-07,5.069792835491512,0.7049902133291809,0,3
0,15,45,A_000/B_015/C_045/Field_0.0000/Transmission.txt,0.000343514279218,-3.4640552054554017,5.18180028e-07,-1.73896475e-07,5.18180028e-07,1.73896475e-07,2.979819044635609,0.4741898914915639,0,3
0,15,60,A_000/B_015/C_060/Field_0.0000/Transmission.txt,0.00020869584722799998,-3.680486192735734,1.66782832e-07,-7.84012308e-08,1.66782832e-07,7.84012308e-08,2.1272986443983224,0.3278284633440865,0,3
0,15,75,A_000/B_015/C_075/Field_0.0000/Transmission.txt,6.74369978755e-05,-4.171101771644362,3.26327409e-08,-3.70876635e-08,3.26327409e-08,3.70876635e-08,0.8798812818176049,-0.05557592117896857,1,1
0,15,90,A_000/B_015/C_090/Field_0.0000/Transmission.txt,1.07186758384e-06,-5.9698588631130605,3.05886672e-10,-3.85463926e-09,3.05886672e-10,3.85463926e-09,0.07935546010082406,-1.1004231859843998,1,1
0,30,0,A_000/B_030/C_000/Field_0.0000/Transmission.txt,0.000385579995476,-3.4138855060963658,1.78439561e-06,-2.3596504500000001e-07,1.78439561e-06,2.3596504500000001e-07,7.5621184061393505,0.8786434731759951,0,3
0,30,15,A_000/B_030/C_015/Field_0.0000/Transmission.txt,0.000429716772665,-3.3668176946435464,1.5285866100000002e-06,-2.49918275e-07,1.5285866100000002e-06,2.49918275e-07,6.116345873466036,0.7864920363692092,0,3
0,30,30,A_000/B_030/C_030/Field_0.0000/Transmission.txt,0.000415237066,-3.38170388627527,8.96145078e-07,-1.91346135e-07,8.96145078e-07,1.91346135e-07,4.683371723186362,0.6705586294715427,0,3
0,30,45,A_000/B_030/C_045/Field_0.0000/Transmission.txt,0.00033280055486400003,-3.4778159583002664,3.619565789999999e-07,-1.25954274e-07,3.619565789999999e-07,1.25954274e-07,2.8737141464528633,0.4584435658885359,0,3
0,30,60,A_000/B_030/C_060/Field_0.0000/Transmission.txt,0.00019814896997,-3.703008180899854,1.1627181e-07,-6.2856866e-08,1.1627181e-07,6.2856866e-08,1.849786942925217,0.2671217095703413,0,3
0,30,75,A_000/B_030/C_075/Field_0.0000/Transmission.txt,6.15808254376e-05,-4.210554494052627,2.23383473e-08,-1.88585521e-08,2.23383473e-08,1.88585521e-08,1.1845208042244133,0.07354269281776946,1,1
0,30,90,A_000/B_030/C_090/Field_0.0000/Transmission.txt,9.070443549700001e-07,-6.042371475180566,2.87969094e-10,-1.69648047e-09,2.87969094e-10,1.69648047e-09,0.16974500979666451,-0.7702029843501297,1,1
0,45,0,A_000/B_045/C_000/Field_0.0000/Transmission.txt,0.00030750234067400005,-3.512151574074148,1.0851353600000001e-06,-1.5770937900000002e-07,1.0851353600000001e-06,1.5770937900000002e-07,6.880601311606204,0.8376263938897348,0,3
0,45,15,A_000/B_045/C_015/Field_0.0000/Transmission.txt,0.00034705846804800007,-3.4595973545705037,9.119186960000001e-07,-1.55302751e-07,9.119186960000001e-07,1.55302751e-07,5.871877285676671,0.7687769708333622,0,3
0,45,30,A_000/B_045/C_030/Field_0.0000/Transmission.txt,0.00033426745884,-3.4759059002070187,5.12415436e-07,-1.2144413400000002e-07,5.12415436e-07,1.2144413400000002e-07,4.219351063922116,0.6252456616182389,0,3
0,45,45,A_000/B_045/C_045/Field_0.0000/Transmission.txt,0.0002636608563,-3.5789543417832457,2.04392251e-07,-8.19716564e-08,2.04392251e-07,8.19716564e-08,2.493450297046821,0.3968007156731159,0,3
0,45,60,A_000/B_045/C_060/Field_0.0000/Transmission.txt,0.00015281003444799998,-3.815848126373492,6.60172509e-08,-4.24191981e-08,6.60172509e-08,4.24191981e-08,1.55630596185174,0.19209498113792606,1,3
0,45,75,A_000/B_045/C_075/Field_0.0000/Transmission.txt,4.55338467985e-05,-4.341665657998647,1.24965824e-08,-1.10810851e-08,1.24965824e-08,1.10810851e-08,1.127739953914802,0.052208967023306865,1,1
0,45,90,A_000/B_045/C_090/Field_0.0000/Transmission.txt,6.38330185675e-07,-6.194954617951338,2.5194098e-10,-1.49682849e-09,2.5194098e-10,1.49682849e-09,0.16831653170898692,-0.7738732264044879,1,1
0,60,0,A_000/B_060/C_000/Field_0.0000/Transmission.txt,0.000188429925516,-3.7248501235474243,5.05229557e-07,-8.17300577e-08,5.05229557e-07,8.17300577e-08,6.181686043273159,0.7911069442509933,0,3
0,60,15,A_000/B_060/C_015/Field_0.0000/Transmission.txt,0.000211561461165,-3.6745634421554865,4.136000870000001e-07,-7.82893877e-08,4.136000870000001e-07,7.82893877e-08,5.282964896658656,0.7228777249708517,0,3
0,60,30,A_000/B_060/C_030/Field_0.0000/Transmission.txt,0.000200579299,-3.6977138908269778,2.22922613e-07,-6.24428854e-08,2.22922613e-07,6.24428854e-08,3.5700242160814684,0.5526711620155227,0,3
0,60,45,A_000/B_060/C_045/Field_0.0000/Transmission.txt,0.000154447999648,-3.811217712143762,8.79174208e-08,-4.17350388e-08,8.79174208e-08,4.17350388e-08,2.1065613769119103,0.3235741172800205,0,3
0,60,60,A_000/B_060/C_060/Field_0.0000/Transmission.txt,8.678111728299998e-05,-4.06157476274889,2.83118664e-08,-2.53075876e-08,2.83118664e-08,2.53075876e-08,1.1187105957108294,0.0487177514598496,1,2
0,60,75,A_000/B_060/C_075/Field_0.0000/Transmission.txt,2.46794308038e-05,-4.607664860911868,5.20156588e-09,-5.4812118e-09,5.20156588e-09,5.4812118e-09,0.948981004528962,-0.022742480629417087,1,2
0,60,90,A_000/B_060/C_090/Field_0.0000/Transmission.txt,3.58513125696e-07,-6.445494939541531,2.17060741e-10,-4.08057769e-09,2.17060741e-10,4.08057769e-09,0.053193630287186135,-1.2741403695235234,1,2
0,75,0,A_000/B_075/C_000/Field_0.0000/Transmission.txt,6.30562477202e-05,-4.200271876323553,1.35857335e-07,-2.66515378e-08,1.35857335e-07,2.66515378e-08,5.0975420637829005,0.7073608181663972,0,3
0,75,15,A_000/B_075/C_015/Field_0.0000/Transmission.txt,6.928721907570001e-05,-4.159346869238315,1.08001632e-07,-2.41955933e-08,1.08001632e-07,2.41955933e-08,4.463690171218079,0.6496940422019071,0,3
0,75,30,A_000/B_075/C_030/Field_0.0000/Transmission.txt,6.421365194240001e-05,-4.192372630296371,5.56141225e-08,-1.86201248e-08,5.56141225e-08,1.86201248e-08,2.9867749597467785,0.4752025016727625,0,3
0,75,45,A_000/B_075/C_045/Field_0.0000/Transmission.txt,4.823863035e-05,-4.316605031711223,2.12813929e-08,-1.20265487e-08,2.12813929e-08,1.20265487e-08,1.7695345049407234,0.2478590355574563,1,3
0,75,60,A_000/B_075/C_060/Field_0.0000/Transmission.txt,2.62154216925e-05,-4.581443151978378,6.67077159e-09,-5.38615162e-09,6.67077159e-09,5.38615162e-09,1.2385042346802706,0.09289749585938507,1,2
0,75,75,A_000/B_075/C_075/Field_0.0000/Transmission.txt,7.02955461045e-06,-5.1530721908196595,1.1272468800000002e-09,-2.26558505e-09,1.1272468800000002e-09,2.26558505e-09,0.497552223872593,-0.3031613282863836,1,2
0,75,90,A_000/B_075/C_090/Field_0.0000/Transmission.txt,1.45307424142e-07,-6.837712195877245,1.84733398e-10,-9.75259731e-10,1.84733398e-10,9.75259731e-10,0.18941969213737586,-0.7225748735796321,1,2
0,90,0,A_000/B_090/C_000/Field_0.0000/Transmission.txt,8.71000490833e-07,-6.059981600255249,1.41555063e-09,-3.76640989e-09,1.41555063e-09,3.76640989e-09,0.3758355227768373,-0.4250021741639989,1,2
0,90,15,A_000/B_090/C_015/Field_0.0000/Transmission.txt,7.47630031549e-07,-6.126313261768784,1.0180325599999999e-09,-2.59951835e-09,1.0180325599999999e-09,2.59951835e-09,0.3916235328748497,-0.4071312190889822,1,2
0,90,30,A_000/B_090/C_030/Field_0.0000/Transmission.txt,5.1721358347e-07,-6.286330077858541,5.191983530000001e-10,-1.24981616e-09,5.191983530000001e-10,1.24981616e-09,0.4154197790177397,-0.3815128296262292,1,2
0,90,45,A_000/B_090/C_045/Field_0.0000/Transmission.txt,3.06425355684e-07,-6.513675301121558,2.34708536e-10,-7.99250327e-10,2.34708536e-10,7.99250327e-10,0.29366085701958056,-0.5321539380986328,1,2
0,90,60,A_000/B_090/C_060/Field_0.0000/Transmission.txt,1.4582616452000002e-07,-6.836164546750574,1.33193806e-10,-5.64519817e-10,1.33193806e-10,5.64519817e-10,0.2359417720848584,-0.6271951630569875,1,2
0,90,75,A_000/B_090/C_075/Field_0.0000/Transmission.txt,4.28086201734e-08,-7.368468770314159,1.21634315e-10,-7.538206110000001e-10,1.21634315e-10,7.538206110000001e-10,0.16135710966915973,-0.7922118940836971,1,2
0,90,90,A_000/B_090/C_090/Field_0.0000/Transmission.txt,4.3345795e-08,-7.3630530272967505,1.56083381e-10,-9.08373424e-10,1.56083381e-10,9.08373424e-10,0.1718273310030259,-0.764907755756544,1,2
15,0,0,A_015/B_000/C_000/Field_0.0000/Transmission.txt,0.000421792195268,-3.374901460593213,2.4419088399999997e-06,-3.0783525099999996e-07,2.4419088399999997e-06,3.0783525099999996e-07,7.932518553568772,0.8994110965560129,0,3
15,0,15,A_015/B_000/C_015/Field_0.0000/Transmission.txt,0.000456136433478,-3.340905237501405,2.1339747099999998e-06,-2.88707672e-07,2.1339747099999998e-06,2.88707672e-07,7.391472125479228,0.8687309434423589,0,3
15,0,30,A_015/B_000/C_030/Field_0.0000/Transmission.txt,0.000435306714039,-3.3612046343643063,1.3170861100000003e-06,-2.3617933800000002e-07,1.3170861100000003e-06,2.3617933800000002e-07,5.576635624239068,0.7463722687425767,0,3
15,0,45,A_015/B_000/C_045/Field_0.0000/Transmission.txt,0.000349836353416,-3.456135062588545,5.38570629e-07,-1.6498922400000001e-07,5.38570629e-07,1.6498922400000001e-07,3.264277605184688,0.5137870855209153,0,3
15,0,60,A_015/B_000/C_060/Field_0.0000/Transmission.txt,0.00021146235410000002,-3.6747669373284833,1.704194e-07,-8.12926969e-08,1.704194e-07,8.12926969e-08,2.0963678964868984,0.3214675003506545,0,3
15,0,75,A_015/B_000/C_075/Field_0.0000/Transmission.txt,6.7612848002e-05,-4.169970770238963,3.3056709999999996e-08,-3.28468768e-08,3.3056709999999996e-08,3.28468768e-08,1.0063882237960595,0.0027655462546997576,1,1
15,0,90,A_015/B_000/C_090/Field_0.0000/Transmission.txt,1.13667600495e-06,-5.9443633077961415,3.12098721e-10,-1.06669606e-08,3.12098721e-10,1.06669606e-08,0.029258448840619136,-1.5337487020595342,1,1
15,15,0,A_015/B_015/C_000/Field_0.0000/Transmission.txt,0.000461345188336,-3.3359740045640462,2.22833698e-06,-2.9158622899999996e-07,2.22833698e-06,2.9158622899999996e-07,7.6421200947730625,0.8832138582787743,0,3
15,15,15,A_015/B_015/C_015/Field_0.0000/Transmission.txt,0.0005158192446319999,-3.2875024588604087,1.94218718e-06,-2.7686919899999997e-07,1.94218718e-06,2.7686919899999997e-07,7.014818502797778,0.8460164388350686,0,3
15,15,30,A_015/B_015/C_030/Field_0.0000/Transmission.txt,0.000498051768612,-3.3027255133566893,1.16838637e-06,-2.31447803e-07,1.16838637e-06,2.31447803e-07,5.0481635809694865,0.7031334193662978,0,3
15,15,45,A_015/B_015/C_045/Field_0.0000/Transmission.txt,0.0003976781875480001,-3.4004682291984074,4.6391254100000004e-07,-1.63626626e-07,4.6391254100000004e-07,1.63626626e-07,2.8351897997334485,0.4525821377325472,0,3
15,15,60,A_015/B_015/C_060/Field_0.0000/Transmission.txt,0.00023529854558999999,-3.6283807572446736,1.43668135e-07,-7.83407457e-08,1.43668135e-07,7.83407457e-08,1.833887764486776,0.2633727529503592,0,3
15,15,75,A_015/B_015/C_075/Field_0.0000/Transmission.txt,7.215049458700001e-05,-4.141760687499541,2.70741484e-08,-3.45161719e-08,2.70741484e-08,3.45161719e-08,0.7843902411437462,-0.10546781817073128,1,1
15,15,90,A_015/B_015/C_090/Field_0.0000/Transmission.txt,1.15815928924e-06,-5.93623170513323,3.38932389e-10,-5.482491999999999e-09,3.38932389e-10,5.482491999999999e-09,0.06182086339569669,-1.2088649338348565,1,1
15,30,0,A_015/B_030/C_000/Field_0.0000/Transmission.txt,0.000445936610685,-3.3507268713019256,1.6773414499999998e-06,-2.3633247100000002e-07,1.6773414499999998e-06,2.3633247100000002e-07,7.097380410328804,0.8510980834702644,0,3
15,30,15,A_015/B_030/C_015/Field_0.0000/Transmission.txt,0.00050459950916,-3.297053176270301,1.43595529e-06,-2.3067128e-07,1.43595529e-06,2.3067128e-07,6.225115194227907,0.7941473923548654,0,3
15,30,30,A_015/B_030/C_030/Field_0.0000/Transmission.txt,0.000484934526178,-3.3143168940556724,8.22197156e-07,-2.09312021e-07,8.22197156e-07,2.09312021e-07,3.9280933415668464,0.5941817991876639,0,3
15,30,45,A_015/B_030/C_045/Field_0.0000/Transmission.txt,0.00038056093172,-3.419575798312037,3.17272929e-07,-1.3580728400000002e-07,3.17272929e-07,1.3580728400000002e-07,2.3361996474357003,0.36850995405452497,0,3
15,30,60,A_015/B_030/C_060/Field_0.0000/Transmission.txt,0.00021909975012,-3.659358117745397,9.87488507e-08,-6.29507196e-08,9.87488507e-08,6.29507196e-08,1.5686691324176696,0.1955313507772967,1,3
15,30,75,A_015/B_030/C_075/Field_0.0000/Transmission.txt,6.44977272396e-05,-4.190455588693274,1.84013672e-08,-1.94924078e-08,1.84013672e-08,1.94924078e-08,0.9440274074298812,-0.02501539688543333,1,1
15,30,90,A_015/B_030/C_090/Field_0.0000/Transmission.txt,9.83507006031e-07,-6.007222542028563,3.1022749500000003e-10,-1.7419175600000002e-09,3.1022749500000003e-10,1.7419175600000002e-09,0.17809539448009234,-0.7493473111810224,1,1
15,45,0,A_015/B_045/C_000/Field_0.0000/Transmission.txt,0.00036337437028199996,-3.439645707841508,1.02492082e-06,-1.6460321400000002e-07,1.02492082e-06,1.6460321400000002e-07,6.226614870351196,0.7942520044954688,0,3
15,45,15,A_015/B_045/C_015/Field_0.0000/Transmission.txt,0.000409120221606,-3.3881490540756674,8.554455590000001e-07,-1.7880824100000002e-07,8.554455590000001e-07,1.7880824100000002e-07,4.78415063095442,0.6798048451363825,0,3
15,45,30,A_015/B_045/C_030/Field_0.0000/Transmission.txt,0.00038672543556,-3.4125972627340966,4.6325964500000007e-07,-1.25916969e-07,4.6325964500000007e-07,1.25916969e-07,3.679088280786048,0.5657402089777013,0,3
15,45,45,A_015/B_045/C_045/Field_0.0000/Transmission.txt,0.00029626307560600004,-3.528322472920347,1.7653809500000002e-07,-8.38130297e-08,1.7653809500000002e-07,8.38130297e-08,2.106332340352087,0.3235268959063714,0,3
15,45,60,A_015/B_045/C_060/Field_0.0000/Transmission.txt,0.00016537589074399998,-3.781527803610718,5.55534295e-08,-4.21344631e-08,5.55534295e-08,4.21344631e-08,1.3184795868444328,0.12007341028459255,1,3
15,45,75,A_015/B_045/C_075/Field_0.0000/Transmission.txt,4.67437322564e-05,-4.330276614287663,1.03034411e-08,-1.09188075e-08,1.03034411e-08,1.09188075e-08,0.9436416110458948,-0.02519291661097473,1,1
15,45,90,A_015/B_045/C_090/Field_0.0000/Transmission.txt,6.86940224129e-07,-6.163081052548013,2.6101604199999997e-10,-1.28252875e-09,2.6101604199999997e-10,1.28252875e-09,0.20351671804628166,-0.6913999095000485,1,1
15,60,0,A_015/B_060/C_000/Field_0.0000/Transmission.txt,0.00022465431040499998,-3.6484852442548084,4.77501483e-07,-8.45168887e-08,4.77501483e-07,8.45168887e-08,5.649775924607599,0.7520312236360366,0,3
15,60,15,A_015/B_060/C_015/Field_0.0000/Transmission.txt,0.000248292418542,-3.6050365411608696,3.85520677e-07,-8.27317604e-08,3.85520677e-07,8.27317604e-08,4.65988726863837,0.6683754104238009,0,3
15,60,30,A_015/B_060/C_030/Field_0.0000/Transmission.txt,0.00022919909985499997,-3.6397870923275715,1.9907640700000002e-07,-6.4309241e-08,1.9907640700000002e-07,6.4309241e-08,3.0956112046167674,0.4907464099266804,0,3
15,60,45,A_015/B_060/C_045/Field_0.0000/Transmission.txt,0.00017063787595200002,-3.7679245634896334,7.50208831e-08,-4.26403713e-08,7.50208831e-08,4.26403713e-08,1.7593862532805855,0.2453611943485809,0,3
15,60,60,A_015/B_060/C_060/Field_0.0000/Transmission.txt,9.21265138754e-05,-4.0356153624997235,2.38073395e-08,-2.48677433e-08,2.38073395e-08,2.48677433e-08,0.9573582617768136,-0.01892551050264517,1,2
15,60,75,A_015/B_060/C_075/Field_0.0000/Transmission.txt,2.48883362674e-05,-4.604004134087972,4.327120820000001e-09,-5.1800156799999994e-09,4.327120820000001e-09,5.1800156799999994e-09,0.8353489810285669,-0.07813205281327218,1,2
15,60,90,A_015/B_060/C_090/Field_0.0000/Transmission.txt,3.8837322443e-07,-6.410750719245862,2.1815051499999998e-10,-5.12820222e-09,2.1815051499999998e-10,5.12820222e-09,0.042539374549079315,-1.3712088997619316,1,2
15,75,0,A_015/B_075/C_000/Field_0.0000/Transmission.txt,7.64539776552e-05,-4.116599914715153,1.2990308099999997e-07,-2.77541873e-08,1.2990308099999997e-07,2.77541873e-08,4.680485852309572,0.670290936840199,0,3
15,75,15,A_015/B_075/C_015/Field_0.0000/Transmission.txt,8.21261936516e-05,-4.085518305194283,1.0149243800000001e-07,-2.55809518e-08,1.0149243800000001e-07,2.55809518e-08,3.967500458681135,0.5985169856354993,0,3
15,75,30,A_015/B_075/C_030/Field_0.0000/Transmission.txt,7.37142029184e-05,-4.132448826186882,4.95051888e-08,-1.89793775e-08,4.95051888e-08,1.89793775e-08,2.6083673608367817,0.4163687571322756,0,3
15,75,45,A_015/B_075/C_045/Field_0.0000/Transmission.txt,5.3326190413999995e-05,-4.273059440905053,1.82413672e-08,-1.19882547e-08,1.82413672e-08,1.19882547e-08,1.521603240545098,0.18230142450747894,1,2
15,75,60,A_015/B_075/C_060/Field_0.0000/Transmission.txt,2.7801608304e-05,-4.555930079716858,5.69955873e-09,-5.7016579e-09,5.69955873e-09,5.7016579e-09,0.9996318316467216,-0.0001599229253269981,1,2
15,75,75,A_015/B_075/C_075/Field_0.0000/Transmission.txt,7.09782844392e-06,-5.148874501855048,9.55172941e-10,-2.95868707e-09,9.55172941e-10,2.95868707e-09,0.3228367577920297,-0.4910170229047161,1,2
15,75,90,A_015/B_075/C_090/Field_0.0000/Transmission.txt,1.60126471614e-07,-6.795536865922338,1.8081443899999998e-10,-9.39185323e-10,1.8081443899999998e-10,9.39185323e-10,0.19252264124233975,-0.7155181888131652,1,2
15,90,0,A_015/B_090/C_000/Field_0.0000/Transmission.txt,9.47447472512e-07,-6.023444858436984,1.58037053e-09,-4.08615624e-09,1.58037053e-09,4.08615624e-09,0.3867621395700719,-0.41255604591417017,1,2
15,90,15,A_015/B_090/C_015/Field_0.0000/Transmission.txt,8.35290389879e-07,-6.0781625151780405,1.1063761099999999e-09,-2.92182678e-09,1.1063761099999999e-09,2.92182678e-09,0.3786590353586943,-0.4217516758138664,1,2
15,90,30,A_015/B_090/C_030/Field_0.0000/Transmission.txt,6.26862835087e-07,-6.202827477481331,5.29300203e-10,-9.640090449999998e-10,5.29300203e-10,9.640090449999998e-10,0.5490614488995795,-0.26037904821912344,1,2
15,90,45,A_015/B_090/C_045/Field_0.0000/Transmission.txt,4.06805934255e-07,-6.390612720460691,2.13051037e-10,-5.03202197e-10,2.13051037e-10,5.03202197e-10,0.4233905143303657,-0.3732588761704722,1,2
15,90,60,A_015/B_090/C_060/Field_0.0000/Transmission.txt,1.9738671185499998e-07,-6.704682087544272,1.04709498e-10,-4.85503534e-10,1.04709498e-10,4.85503534e-10,0.2156719584249205,-0.6662063180082353,1,2
15,90,75,A_015/B_090/C_075/Field_0.0000/Transmission.txt,4.67891949416e-08,-7.329854427246986,9.919586259999999e-11,-6.91918944e-10,9.919586259999999e-11,6.91918944e-10,0.14336341483374676,-0.8435616629149991,1,2
15,90,90,A_015/B_090/C_090/Field_0.0000/Transmission.txt,4.10735792075e-08,-7.386437450486077,1.4850432e-10,-8.58184666e-10,1.4850432e-10,8.58184666e-10,0.17304471389844198,-0.7618416628234883,1,2
30,0,0,A_030/B_000/C_000/Field_0.0000/Transmission.txt,0.000402053632887,-3.395716009320438,1.95374861e-06,-2.4208509799999997e-07,1.95374861e-06,2.4208509799999997e-07,8.07050341446461,0.9069006255901242,0,3
30,0,15,A_030/B_000/C_015/Field_0.0000/Transmission.txt,0.0004507703997300001,-3.346044610052706,1.70933512e-06,-2.3081298199999998e-07,1.70933512e-06,2.3081298199999998e-07,7.4057148137360835,0.8695669838131453,0,3
30,0,30,A_030/B_000/C_030/Field_0.0000/Transmission.txt,0.00043464745577300004,-3.3618628581922163,1.03453278e-06,-1.8924366100000004e-07,1.03453278e-06,1.8924366100000004e-07,5.4666707171766244,0.7377229151170851,0,3
30,0,45,A_030/B_000/C_045/Field_0.0000/Transmission.txt,0.00034543950882800004,-3.4616279925221214,4.0595218700000005e-07,-1.30197701e-07,4.0595218700000005e-07,1.30197701e-07,3.1179673979035925,0.493871569805808,0,3
30,0,60,A_030/B_000/C_060/Field_0.0000/Transmission.txt,0.00020275800234999998,-3.6930219962642092,1.24050043e-07,-6.81183638e-08,1.24050043e-07,6.81183638e-08,1.821095459136674,0.2603327114674728,0,1
30,0,75,A_030/B_000/C_075/Field_0.0000/Transmission.txt,6.1205581013e-05,-4.213208975033538,2.31038918e-08,-2.23379101e-08,2.31038918e-08,2.23379101e-08,1.0342906608796854,0.014642603242738231,1,1
30,0,90,A_030/B_000/C_090/Field_0.0000/Transmission.txt,1.1037956768899999e-06,-5.957111311218839,3.027432e-10,-1.39242442e-08,3.027432e-10,1.39242442e-08,0.021742163930161467,-1.6626972341154116,1,1
30,15,0,A_030/B_015/C_000/Field_0.0000/Transmission.txt,0.00045815264768,-3.338989799288882,1.7973697899999998e-06,-2.34369962e-07,1.7973697899999998e-06,2.34369962e-07,7.668942618167084,0.8847354882316701,0,3
30,15,15,A_030/B_015/C_015/Field_0.0000/Transmission.txt,0.000518609544936,-3.28515949436403,1.5632478500000003e-06,-2.25429362e-07,1.5632478500000003e-06,2.25429362e-07,6.934535218176237,0.8410173581352316,0,3
30,15,30,A_030/B_015/C_030/Field_0.0000/Transmission.txt,0.0004967561272039999,-3.3038567674099433,9.128655759999999e-07,-1.8651901599999998e-07,9.128655759999999e-07,1.8651901599999998e-07,4.894222560127597,0.6896837145943542,0,3
30,15,45,A_030/B_015/C_045/Field_0.0000/Transmission.txt,0.00038718969009,-3.412076215404538,3.4444386299999996e-07,-1.2882614500000001e-07,3.4444386299999996e-07,1.2882614500000001e-07,2.673710860477895,0.42711444014044897,0,3
30,15,60,A_030/B_015/C_060/Field_0.0000/Transmission.txt,0.000220622768712,-3.6563496695217728,1.0300905099999999e-07,-6.58152306e-08,1.0300905099999999e-07,6.58152306e-08,1.5651248208192103,0.19454897883539507,0,1
30,15,75,A_030/B_015/C_075/Field_0.0000/Transmission.txt,6.36247210959e-05,-4.196374108415925,1.87359283e-08,-2.30788405e-08,1.87359283e-08,2.30788405e-08,0.811822773332135,-0.09053876997641114,1,1
30,15,90,A_030/B_015/C_090/Field_0.0000/Transmission.txt,1.15341578626e-06,-5.938014108899901,3.26020217e-10,-6.44380526e-09,3.26020217e-10,6.44380526e-09,0.050594362157989854,-1.2958978748615797,1,1
30,30,0,A_030/B_030/C_000/Field_0.0000/Transmission.txt,0.000451704251018,-3.3451458222458395,1.35632215e-06,-1.9295374500000002e-07,1.35632215e-06,1.9295374500000002e-07,7.029260561903062,0.846909642121482,0,3
30,30,15,A_030/B_030/C_015/Field_0.0000/Transmission.txt,0.0005080407397440001,-3.294101460281844,1.15370813e-06,-1.8768539899999997e-07,1.15370813e-06,1.8768539899999997e-07,6.147031874333496,0.7886654650829953,0,3
30,30,30,A_030/B_030/C_030/Field_0.0000/Transmission.txt,0.000478073544128,-3.3205052888436946,6.35828426e-07,-1.64406128e-07,6.35828426e-07,1.64406128e-07,3.867425343172123,0.5874219388261359,0,3
30,30,45,A_030/B_030/C_045/Field_0.0000/Transmission.txt,0.00036351679507199997,-3.4394755192242212,2.32348691e-07,-1.2172555e-07,2.32348691e-07,1.2172555e-07,1.9087914657193992,0.2807584845831518,0,3
30,30,60,A_030/B_030/C_060/Field_0.0000/Transmission.txt,0.00020087669652599997,-3.6970704423318033,7.01232372e-08,-5.27518927e-08,7.01232372e-08,5.27518927e-08,1.3293027721069808,0.1236239104230638,1,1
30,30,75,A_030/B_030/C_075/Field_0.0000/Transmission.txt,5.56811888472e-05,-4.254291500691552,1.27675498e-08,-1.76449771e-08,1.27675498e-08,1.76449771e-08,0.7235798452807286,-0.14051353855803328,1,1
30,30,90,A_030/B_030/C_090/Field_0.0000/Transmission.txt,9.58813003255e-07,-6.0182660847723035,2.87126145e-10,-1.5501211199999998e-09,2.87126145e-10,1.5501211199999998e-09,0.18522820010348606,-0.7322928933722217,1,1
30,45,0,A_030/B_045/C_000/Field_0.0000/Transmission.txt,0.0003699985136,-3.4318000206265578,8.30620354e-07,-1.4278664e-07,8.30620354e-07,1.4278664e-07,5.817213389151814,0.7647149950397919,0,3
30,45,15,A_030/B_045/C_015/Field_0.0000/Transmission.txt,0.00040852215036699997,-3.3887843907316637,6.844804019999999e-07,-1.39640503e-07,6.844804019999999e-07,1.39640503e-07,4.9017325725330565,0.6903496134355663,0,3
30,45,30,A_030/B_045/C_030/Field_0.0000/Transmission.txt,0.00037519107696199996,-3.4257474988437364,3.5317977800000003e-07,-1.1689174900000001e-07,3.5317977800000003e-07,1.1689174900000001e-07,3.021426071740957,0.4802119723962414,0,3
30,45,45,A_030/B_045/C_045/Field_0.0000/Transmission.txt,0.00027731207127999996,-3.5570312253511314,1.2747872700000002e-07,-7.32768521e-08,1.2747872700000002e-07,7.32768521e-08,1.7396861811971858,0.2404709137618112,0,3
30,45,60,A_030/B_045/C_060/Field_0.0000/Transmission.txt,0.000148342275412,-3.8287350636598263,3.94338805e-08,-3.53726673e-08,3.94338805e-08,3.53726673e-08,1.1148121843783036,0.04720170670375778,1,1
30,45,75,A_030/B_045/C_075/Field_0.0000/Transmission.txt,3.961783564e-05,-4.4021092540695586,7.261599340000001e-09,-8.974820640000001e-09,7.261599340000001e-09,8.974820640000001e-09,0.8091080180071432,-0.09199349508377506,1,1
30,45,90,A_030/B_045/C_090/Field_0.0000/Transmission.txt,6.5019748616e-07,-6.186954713937018,2.32374104e-10,-1.0226097699999999e-09,2.32374104e-10,1.0226097699999999e-09,0.2272363425590976,-0.6435222094457591,1,1
30,60,0,A_030/B_060/C_000/Field_0.0000/Transmission.txt,0.00022854154240299998,-3.641034845937421,3.87535657e-07,-8.10514548e-08,3.87535657e-07,8.10514548e-08,4.781353498913385,0.6795508534954384,0,3
30,60,15,A_030/B_060/C_015/Field_0.0000/Transmission.txt,0.000245805406692,-3.6094085686803346,3.07148203e-07,-8.69707604e-08,3.07148203e-07,8.69707604e-08,3.531626049805125,0.5479747115804944,0,3
30,60,30,A_030/B_060/C_030/Field_0.0000/Transmission.txt,0.00021929390626,-3.658973436331716,1.4959560599999999e-07,-5.70216905e-08,1.4959560599999999e-07,5.70216905e-08,2.6234859873191594,0.4188787488674173,0,3
30,60,45,A_030/B_060/C_045/Field_0.0000/Transmission.txt,0.000157008064792,-3.8040780392805233,5.40524718e-08,-3.68498694e-08,5.40524718e-08,3.68498694e-08,1.4668293994008024,0.16637960586286665,1,2
30,60,60,A_030/B_060/C_060/Field_0.0000/Transmission.txt,8.11630410508e-05,-4.090641689006375,1.71176941e-08,-1.82353026e-08,1.71176941e-08,1.82353026e-08,0.9387118204443726,-0.02746771337794613,1,2
30,60,75,A_030/B_060/C_075/Field_0.0000/Transmission.txt,2.08123590132e-05,-4.681678691131426,3.13673544e-09,-4.15182096e-09,3.13673544e-09,4.15182096e-09,0.7555083589153613,-0.12176072628096685,1,2
30,60,90,A_030/B_060/C_090/Field_0.0000/Transmission.txt,3.6184671958200003e-07,-6.4414753602326025,1.88280369e-10,-2.67597088e-09,1.88280369e-10,2.67597088e-09,0.0703596479345844,-1.1526763423306907,1,2
30,75,0,A_030/B_075/C_000/Field_0.0000/Transmission.txt,7.91477641703e-05,-4.101561348928169,1.0721155699999999e-07,-2.73301244e-08,1.0721155699999999e-07,2.73301244e-08,3.922834577364749,0.5935999946825791,0,3
30,75,15,A_030/B_075/C_015/Field_0.0000/Transmission.txt,8.234769480000001e-05,-4.0843485537456194,8.12810481e-08,-2.63810515e-08,8.12810481e-08,2.63810515e-08,3.081038983605335,0.4886971933697071,0,3
30,75,30,A_030/B_075/C_030/Field_0.0000/Transmission.txt,7.11276882021e-05,-4.147961306547294,3.74026879e-08,-1.69881198e-08,3.74026879e-08,1.69881198e-08,2.201696735150172,0.3427574984136065,0,3
30,75,45,A_030/B_075/C_045/Field_0.0000/Transmission.txt,4.93337913667e-05,-4.306855507153619,1.33962892e-08,-1.04553026e-08,1.33962892e-08,1.04553026e-08,1.2812913898828713,0.1076479077519486,1,2
30,75,60,A_030/B_075/C_060/Field_0.0000/Transmission.txt,2.45876994341e-05,-4.609282104438022,4.2395706600000005e-09,-5.96514725e-09,4.2395706600000005e-09,5.96514725e-09,0.7107235550639592,-0.14829929077007278,1,2
30,75,75,A_030/B_075/C_075/Field_0.0000/Transmission.txt,5.968552843e-06,-5.224130956724341,7.26139569e-10,-1.3591813099999999e-09,7.26139569e-10,1.3591813099999999e-09,0.5342477590425372,-0.2722572908531797,1,2
30,75,90,A_030/B_075/C_090/Field_0.0000/Transmission.txt,1.46855501073e-07,-6.833109780561669,1.52012933e-10,-8.15169266e-10,1.52012933e-10,8.15169266e-10,0.1864802064311389,-0.729367258728927,1,2
30,90,0,A_030/B_090/C_000/Field_0.0000/Transmission.txt,1.20825945786e-06,-5.917839796660563,1.5946607699999999e-09,-7.5402579e-09,1.5946607699999999e-09,7.5402579e-09,0.2114862370954182,-0.6747178899816029,1,2
30,90,15,A_030/B_090/C_015/Field_0.0000/Transmission.txt,1.10758315628e-06,-5.9556236574680606,1.07950324e-09,-5.41766424e-09,1.07950324e-09,5.41766424e-09,0.19925620935120927,-0.7005881359546957,1,2
30,90,30,A_030/B_090/C_030/Field_0.0000/Transmission.txt,8.722653924649999e-07,-6.059351358017851,4.74098338e-10,-8.27318524e-10,4.74098338e-10,8.27318524e-10,0.5730541795532189,-0.2418043156091535,1,2
30,90,45,A_030/B_090/C_045/Field_0.0000/Transmission.txt,5.730877272270001e-07,-6.2417788919342625,1.67207585e-10,-3.33494189e-10,1.67207585e-10,3.33494189e-10,0.501380805168992,-0.29983229656200105,1,2
30,90,60,A_030/B_090/C_060/Field_0.0000/Transmission.txt,2.66695737702e-07,-6.573983925094876,6.89780413e-11,-3.98436078e-10,6.89780413e-11,3.98436078e-10,0.17312197641901292,-0.7616477984925887,1,2
30,90,75,A_030/B_090/C_075/Field_0.0000/Transmission.txt,5.31097318271e-08,-7.274825891506954,6.92118833e-11,-5.92125304e-10,6.92118833e-11,5.92125304e-10,0.11688722443113155,-0.932232953870364,1,2
30,90,90,A_030/B_090/C_090/Field_0.0000/Transmission.txt,3.15251873896e-08,-7.501342323247273,1.2170513e-10,-6.91120316e-10,1.2170513e-10,6.91120316e-10,0.17609832496951228,-0.754244774980807,1,2
45,0,0,A_045/B_000/C_000/Field_0.0000/Transmission.txt,0.00033382401942999996,-3.4764824180144336,1.31691295e-06,-1.61277869e-07,1.31691295e-06,1.61277869e-07,8.165490765506085,0.9119822919932086,0,3
45,0,15,A_045/B_000/C_015/Field_0.0000/Transmission.txt,0.00037771050811499996,-3.4228409326919933,1.1486859199999999e-06,-1.55755583e-07,1.1486859199999999e-06,1.55755583e-07,7.3749261366765895,0.8677576750102804,0,3
45,0,30,A_045/B_000/C_030/Field_0.0000/Transmission.txt,0.000360018496363,-3.4436751862826185,6.73206114e-07,-1.27962662e-07,6.73206114e-07,1.27962662e-07,5.260957403340046,0.7210647854372925,0,3
45,0,45,A_045/B_000/C_045/Field_0.0000/Transmission.txt,0.00027830855644,-3.5554734413211757,2.50198328e-07,-8.77170095e-08,2.50198328e-07,8.77170095e-08,2.8523353614785507,0.455200586073638,0,3
45,0,60,A_045/B_000/C_060/Field_0.0000/Transmission.txt,0.000156610615736,-3.805178802946608,7.32259574e-08,-4.91129592e-08,7.32259574e-08,4.91129592e-08,1.4909701755458469,0.17346895617907662,0,1
45,0,75,A_045/B_000/C_075/Field_0.0000/Transmission.txt,4.39002857112e-05,-4.3575326532796606,1.30574892e-08,-1.31822175e-08,1.30574892e-08,1.31822175e-08,0.99053813973256,-0.004128797705949158,1,1
45,0,90,A_045/B_000/C_090/Field_0.0000/Transmission.txt,1.02300843664e-06,-5.990120784693422,2.64245663e-10,-1.0897746000000001e-08,2.64245663e-10,1.0897746000000001e-08,0.0242477355409091,-1.6153288132682053,1,1
45,15,0,A_045/B_015/C_000/Field_0.0000/Transmission.txt,0.00038764888731500005,-3.4115614582665086,1.2217951100000002e-06,-1.5988648e-07,1.2217951100000002e-06,1.5988648e-07,7.641641181918571,0.8831866412598324,0,3
45,15,15,A_045/B_015/C_015/Field_0.0000/Transmission.txt,0.000434523137871,-3.3619870929042586,1.0561878700000002e-06,-1.55105717e-07,1.0561878700000002e-06,1.55105717e-07,6.809470923628173,0.8331133697872366,0,3
45,15,30,A_045/B_015/C_030/Field_0.0000/Transmission.txt,0.00040600264539199997,-3.3914711366804284,5.913334720000001e-07,-1.2763001800000002e-07,5.913334720000001e-07,1.2763001800000002e-07,4.633184898555761,0.6658796321306677,0,3
45,15,45,A_045/B_015/C_045/Field_0.0000/Transmission.txt,0.00030552719322000005,-3.51495012964463,2.08989977e-07,-8.70356906e-08,2.08989977e-07,8.70356906e-08,2.40119858369918,0.3804280785236611,0,3
45,15,60,A_045/B_015/C_060/Field_0.0000/Transmission.txt,0.00016619483194999998,-3.7793824853081897,6.01387101e-08,-4.65283448e-08,6.01387101e-08,4.65283448e-08,1.2925177192204782,0.11143650558178587,0,1
45,15,75,A_045/B_015/C_075/Field_0.0000/Transmission.txt,4.4464104479999996e-05,-4.351990450077451,1.05586076e-08,-1.29472159e-08,1.05586076e-08,1.29472159e-08,0.8155118198036692,-0.0885697400335026,1,1
45,15,90,A_045/B_015/C_090/Field_0.0000/Transmission.txt,1.0698121976e-06,-5.970692454748934,2.77107523e-10,-9.00481094e-09,2.77107523e-10,9.00481094e-09,0.030773274957841587,-1.511826282743946,1,1
45,30,0,A_045/B_030/C_000/Field_0.0000/Transmission.txt,0.0003829977696,-3.4168037551520896,9.252711740000001e-07,-1.34642486e-07,9.252711740000001e-07,1.34642486e-07,6.872059492424997,0.8370869105903647,0,3
45,30,15,A_045/B_030/C_015/Field_0.0000/Transmission.txt,0.0004213570706080001,-3.375349713976576,7.80151286e-07,-1.31120273e-07,7.80151286e-07,1.31120273e-07,5.949890647344822,0.7745089839317191,0,3
45,30,30,A_045/B_030/C_030/Field_0.0000/Transmission.txt,0.000383896726504,-3.415785591105597,4.07034352e-07,-1.0872728599999998e-07,4.07034352e-07,1.0872728599999998e-07,3.7436265262797055,0.5732925159030835,0,3
45,30,45,A_045/B_030/C_045/Field_0.0000/Transmission.txt,0.000280685977758,-3.5517792828925847,1.3934822199999997e-07,-7.53687803e-08,1.3934822199999997e-07,7.53687803e-08,1.8488851941790012,0.2669099446461809,0,3
45,30,60,A_045/B_030/C_060/Field_0.0000/Transmission.txt,0.00014796625358400002,-3.829837322127996,4.09852185e-08,-3.65198724e-08,4.09852185e-08,3.65198724e-08,1.1222716785834117,0.050098003290191435,1,1
45,30,75,A_045/B_030/C_075/Field_0.0000/Transmission.txt,3.83113790269e-05,-4.4166722152058,7.34287367e-09,-1.74163717e-08,7.34287367e-09,1.74163717e-08,0.421607542402187,-0.3750916283591955,1,1
45,30,90,A_045/B_030/C_090/Field_0.0000/Transmission.txt,8.3986922216e-07,-6.075788333599974,2.3074935299999999e-10,-1.1491819400000001e-09,2.3074935299999999e-10,1.1491819400000001e-09,0.20079444774427976,-0.6972483002290066,1,1
45,45,0,A_045/B_045/C_000/Field_0.0000/Transmission.txt,0.00031181783856,-3.5060990431992387,5.675543470000001e-07,-9.64199073e-08,5.675543470000001e-07,9.64199073e-08,5.88627766706015,0.7698407447543789,0,3
45,45,15,A_045/B_045/C_015/Field_0.0000/Transmission.txt,0.000334124344094,-3.47609188078052,4.5780197899999996e-07,-9.366107400000001e-08,4.5780197899999996e-07,9.366107400000001e-08,4.887857457197213,0.6891185322477259,0,3
45,45,30,A_045/B_045/C_030/Field_0.0000/Transmission.txt,0.000295827268764,-3.528961796100114,2.2164243399999995e-07,-8.36656872e-08,2.2164243399999995e-07,8.36656872e-08,2.649143769896628,0.4231055282400247,0,0
45,45,45,A_045/B_045/C_045/Field_0.0000/Transmission.txt,0.00020980867254,-3.6781765640050863,7.60206449e-08,-5.89125313e-08,7.60206449e-08,5.89125313e-08,1.2903985488737606,0.11072386599244208,0,0
45,45,60,A_045/B_045/C_060/Field_0.0000/Transmission.txt,0.00010719832457999999,-3.9698120022490966,2.33839417e-08,-2.45096005e-08,2.33839417e-08,2.45096005e-08,0.9540727397821109,-0.02041851284128789,1,1
45,45,75,A_045/B_045/C_075/Field_0.0000/Transmission.txt,2.69290633821e-05,-4.569778751492293,4.33292415e-09,-6.09895218e-09,4.33292415e-09,6.09895218e-09,0.7104374689489695,-0.14847414164294098,1,1
45,45,90,A_045/B_045/C_090/Field_0.0000/Transmission.txt,5.345932832000001e-07,-6.27197650215917,1.7707836200000002e-10,-7.071934900000001e-10,1.7707836200000002e-10,7.071934900000001e-10,0.2503959163990608,-0.6013727581286032,1,1
45,60,0,A_045/B_060/C_000/Field_0.0000/Transmission.txt,0.00019153017283,-3.7177627994428617,2.6542910100000004e-07,-5.77099082e-08,2.6542910100000004e-07,5.77099082e-08,4.59936792968248,0.6626981526571881,0,0
45,60,15,A_045/B_060/C_015/Field_0.0000/Transmission.txt,0.000198987555306,-3.7011740835447338,2.0473386300000002e-07,-5.56876867e-08,2.0473386300000002e-07,5.56876867e-08,3.6764655731336022,0.5654305035409677,0,0
45,60,30,A_045/B_060/C_030/Field_0.0000/Transmission.txt,0.000170697104479,-3.7677738457245047,9.33212357e-08,-4.75121289e-08,9.33212357e-08,4.75121289e-08,1.9641560557392748,0.2931759903012241,0,0
45,60,45,A_045/B_060/C_045/Field_0.0000/Transmission.txt,0.00011716720211100001,-3.9311939406697545,3.25315763e-08,-2.68991823e-08,3.25315763e-08,2.68991823e-08,1.2093890415397497,0.08256602907860595,1,2
45,60,60,A_045/B_060/C_060/Field_0.0000/Transmission.txt,5.78881820345e-05,-4.237410089140786,1.04896153e-08,-1.2422329e-08,1.04896153e-08,1.2422329e-08,0.8444161557788399,-0.0734434661525381,1,2
45,60,75,A_045/B_060/C_075/Field_0.0000/Transmission.txt,1.4038810382000002e-05,-4.852669691808921,1.9723887600000003e-09,-2.76746759e-09,1.9723887600000003e-09,2.76746759e-09,0.7127052786912673,-0.1470900245649107,1,2
45,60,90,A_045/B_060/C_090/Field_0.0000/Transmission.txt,2.84382512105e-07,-6.546097113743309,1.37148781e-10,-9.170138609999999e-10,1.37148781e-10,9.170138609999999e-10,0.14956020495746902,-0.8251839483597756,1,2
45,75,0,A_045/B_075/C_000/Field_0.0000/Transmission.txt,6.77734540928e-05,-4.168940379857746,7.48662823e-08,-3.31613471e-08,7.48662823e-08,3.31613471e-08,2.2576369432229733,0.3536541031194368,0,0
45,75,15,A_045/B_075/C_015/Field_0.0000/Transmission.txt,6.7886488475e-05,-4.168216655243302,5.4835242e-08,-2.89888496e-08,5.4835242e-08,2.89888496e-08,1.8915977265962292,0.276828783389854,0,0
45,75,30,A_045/B_075/C_030/Field_0.0000/Transmission.txt,5.62626992962e-05,-4.249779435673787,2.37288725e-08,-1.37264451e-08,2.37288725e-08,1.37264451e-08,1.7286975853638902,0.23771902537632503,0,2
45,75,45,A_045/B_075/C_045/Field_0.0000/Transmission.txt,3.73340379512e-05,-4.42789503538617,8.4103885e-09,-7.73930628e-09,8.4103885e-09,7.73930628e-09,1.0867109009155276,0.03611402353772752,1,2
45,75,60,A_045/B_075/C_060/Field_0.0000/Transmission.txt,1.7760326144e-05,-4.750549063262431,2.75595516e-09,-3.89909035e-09,2.75595516e-09,3.89909035e-09,0.7068200304719793,-0.15069115158153307,1,2
45,75,75,A_045/B_075/C_075/Field_0.0000/Transmission.txt,4.0967965824e-06,-5.387555599467508,4.96788096e-10,-7.37126373e-10,4.96788096e-10,7.37126373e-10,0.6739524105997494,-0.1713707689596516,1,2
45,75,90,A_045/B_075/C_090/Field_0.0000/Transmission.txt,1.1135294056199999e-07,-6.953298309811013,1.07164251e-10,-7.32192857e-10,1.07164251e-10,7.32192857e-10,0.1463606889571172,-0.8345755548456513,1,2
45,90,0,A_045/B_090/C_000/Field_0.0000/Transmission.txt,1.7251771859999998e-06,-5.7631662936630095,1.59262224e-09,-1.35715741e-08,1.59262224e-09,1.35715741e-08,0.11734985406003863,-0.9305174461673004,1,2
45,90,15,A_045/B_090/C_015/Field_0.0000/Transmission.txt,1.57760232864e-06,-5.8020024613564924,1.05209484e-09,-8.97572297e-09,1.05209484e-09,8.97572297e-09,0.11721560965244453,-0.9310145492862941,1,2
45,90,30,A_045/B_090/C_030/Field_0.0000/Transmission.txt,1.2200823884e-06,-5.913610841768382,4.23639747e-10,-9.4131972e-10,4.23639747e-10,9.4131972e-10,0.4500487326452696,-0.34674045695128003,1,2
45,90,45,A_045/B_090/C_045/Field_0.0000/Transmission.txt,7.668185656120002e-07,-6.115307380868001,1.35959152e-10,-2.35393224e-10,1.35959152e-10,2.35393224e-10,0.5775831168360224,-0.23838550998847816,1,2
45,90,60,A_045/B_090/C_060/Field_0.0000/Transmission.txt,3.3856670061e-07,-6.470355758727052,4.7415736299999994e-11,-5.11376764e-10,4.7415736299999994e-11,5.11376764e-10,0.09272172620655092,-1.032818491679909,1,2
45,90,75,A_045/B_090/C_075/Field_0.0000/Transmission.txt,6.418753439360001e-08,-7.1925493063506165,4.281587020000001e-11,-3.2251772700000003e-10,4.281587020000001e-11,3.2251772700000003e-10,0.13275509100930755,-0.8769488152193414,1,2
45,90,90,A_045/B_090/C_090/Field_0.0000/Transmission.txt,2.1491708033599998e-08,-7.6677290679850545,8.401403e-11,-4.6173029500000004e-10,8.401403e-11,4.6173029500000004e-10,0.18195477080402533,-0.7400365528466414,1,2
60,0,0,A_060/B_000/C_000/Field_0.0000/Transmission.txt,0.00021733265436,-3.6628750157737815,6.87672306e-07,-8.53397859e-08,6.87672306e-07,8.53397859e-08,8.058050518263604,0.9062299857793812,0,0
60,0,15,A_060/B_000/C_015/Field_0.0000/Transmission.txt,0.000241969812064,-3.6162388128287217,5.97772843e-07,-8.28997428e-08,5.97772843e-07,8.28997428e-08,7.210792492350169,0.8579829978873751,0,0
60,0,30,A_060/B_000/C_030/Field_0.0000/Transmission.txt,0.000223680677696,-3.650371530129749,3.3435363800000004e-07,-6.77379447e-08,3.3435363800000004e-07,6.77379447e-08,4.935987347723587,0.6933740378118806,0,0
60,0,45,A_060/B_000/C_045/Field_0.0000/Transmission.txt,0.00016576059252000004,-3.7805187095235038,1.1540491599999999e-07,-4.58274596e-08,1.1540491599999999e-07,4.58274596e-08,2.5182481640330767,0.40109852599405255,0,0
60,0,60,A_060/B_000/C_060/Field_0.0000/Transmission.txt,8.806988791700002e-05,-4.055172556365531,3.22409648e-08,-3.05732073e-08,3.22409648e-08,3.05732073e-08,1.054549641574569,0.0230670284135495,0,1
60,0,75,A_060/B_000/C_075/Field_0.0000/Transmission.txt,2.22238685733e-05,-4.653180339913666,5.4031020700000004e-09,-6.01233171e-09,5.4031020700000004e-09,6.01233171e-09,0.8986699887189025,-0.04639976142653459,1,1
60,0,90,A_060/B_000/C_090/Field_0.0000/Transmission.txt,9.193511518e-07,-6.0365185754903194,2.1122560299999998e-10,-2.63210658e-09,2.1122560299999998e-10,2.63210658e-09,0.08024963905526956,-1.0955569122770743,1,1
60,15,0,A_060/B_015/C_000/Field_0.0000/Transmission.txt,0.000252502375595,-3.5977345315930567,6.457120589999999e-07,-8.63530432e-08,6.457120589999999e-07,8.63530432e-08,7.477583129345927,0.8737612498431806,0,0
60,15,15,A_060/B_015/C_015/Field_0.0000/Transmission.txt,0.00027512420461,-3.56047119999148,5.5382151e-07,-8.39635548e-08,5.5382151e-07,8.39635548e-08,6.595975019390199,0.8192790021935947,0,0
60,15,30,A_060/B_015/C_030/Field_0.0000/Transmission.txt,0.00024749772634699997,-3.6064287863849054,2.9323428499999997e-07,-6.82482574e-08,2.9323428499999997e-07,6.82482574e-08,4.2965827432247385,0.6331231798151944,0,0
60,15,45,A_060/B_015/C_045/Field_0.0000/Transmission.txt,0.00017782451065599997,-3.7500083777359263,9.55873864e-08,-4.57426614e-08,9.55873864e-08,4.57426614e-08,2.089676977124903,0.32007915793190034,0,0
60,15,60,A_060/B_015/C_060/Field_0.0000/Transmission.txt,9.12349665387e-05,-4.039838682895254,2.63836648e-08,-2.87250891e-08,2.63836648e-08,2.87250891e-08,0.9184885278562982,-0.036926263767340164,1,1
60,15,75,A_060/B_015/C_075/Field_0.0000/Transmission.txt,2.2070947674e-05,-4.656179018865856,4.42684246e-09,-5.72719997e-09,4.42684246e-09,5.72719997e-09,0.7729505662782017,-0.1118482803107773,1,1
60,15,90,A_060/B_015/C_090/Field_0.0000/Transmission.txt,9.16698395964e-07,-6.037773528576382,2.10279698e-10,-6.55519875e-09,2.10279698e-10,6.55519875e-09,0.0320783100588674,-1.493788519173432,1,1
60,30,0,A_060/B_030/C_000/Field_0.0000/Transmission.txt,0.000247397867864,-3.6066040475480037,4.919355460000001e-07,-7.43009372e-08,4.919355460000001e-07,7.43009372e-08,6.62085250251729,0.8209139128992369,0,0
60,30,15,A_060/B_030/C_015/Field_0.0000/Transmission.txt,0.00026270722219899997,-3.5805279876705027,4.07961682e-07,-7.20314607e-08,4.07961682e-07,7.20314607e-08,5.663659712512258,0.7530971519172791,0,0
60,30,30,A_060/B_030/C_030/Field_0.0000/Transmission.txt,0.00022976654400599998,-3.63871320807314,1.98349973e-07,-5.85607565e-08,1.98349973e-07,5.85607565e-08,3.3870801003057402,0.5298254672999129,0,0
60,30,45,A_060/B_030/C_045/Field_0.0000/Transmission.txt,0.00016034427518,-3.7949465412055696,6.34898849e-08,-3.90808499e-08,6.34898849e-08,3.90808499e-08,1.6245778958865478,0.21074053989930672,0,0
60,30,60,A_060/B_030/C_060/Field_0.0000/Transmission.txt,8.001116847779999e-05,-4.096849387136326,1.82915677e-08,-1.96212252e-08,1.82915677e-08,1.96212252e-08,0.9322337169852164,-0.030475193576982574,1,1
60,30,75,A_060/B_030/C_075/Field_0.0000/Transmission.txt,1.898607367e-05,-4.721564838304446,3.22393076e-09,-6.9720815e-09,3.22393076e-09,6.9720815e-09,0.4624057765245573,-0.3349767492045907,1,1
60,30,90,A_060/B_030/C_090/Field_0.0000/Transmission.txt,6.444130842919999e-07,-6.190835650161376,1.59599825e-10,-8.48298905e-10,1.59599825e-10,8.48298905e-10,0.1881410244187454,-0.7255164955922734,1,1
60,45,0,A_060/B_045/C_000/Field_0.0000/Transmission.txt,0.00019913682658000002,-3.700848418016109,3.0231191499999997e-07,-5.39055612e-08,3.0231191499999997e-07,5.39055612e-08,5.608176749674578,0.7488216925831943,0,0
60,45,15,A_060/B_045/C_015/Field_0.0000/Transmission.txt,0.00020543701438,-3.687321305175265,2.3871380300000003e-07,-5.18758908e-08,2.3871380300000003e-07,5.18758908e-08,4.601632845599251,0.6629119642910569,0,0
60,45,30,A_060/B_045/C_030/Field_0.0000/Transmission.txt,0.00017440686348500002,-3.7584364281476623,1.0718238000000002e-07,-4.21436688e-08,1.0718238000000002e-07,4.21436688e-08,2.5432617295056192,0.4053910561375713,0,0
60,45,45,A_060/B_045/C_045/Field_0.0000/Transmission.txt,0.000118238626236,-3.9272406248016734,3.48920306e-08,-2.8390281000000002e-08,3.48920306e-08,2.8390281000000002e-08,1.2290132175866806,0.08955655358953936,1,0
60,45,60,A_060/B_045/C_060/Field_0.0000/Transmission.txt,5.73978607506e-05,-4.241104293691277,1.08483779e-08,-1.29916988e-08,1.08483779e-08,1.29916988e-08,0.8350238153612367,-0.07830113801043889,1,1
60,45,75,A_060/B_045/C_075/Field_0.0000/Transmission.txt,1.34226449064e-05,-4.872161898840961,2.0372014399999998e-09,-3.32204132e-09,2.0372014399999998e-09,3.32204132e-09,0.6132378389561994,-0.2123710554763823,1,1
60,45,90,A_060/B_045/C_090/Field_0.0000/Transmission.txt,3.64826342188e-07,-6.437913811095103,1.1105445800000001e-10,-4.1073170699999997e-10,1.1105445800000001e-10,4.1073170699999997e-10,0.27038199415172004,-0.5680222332219766,1,1
60,60,0,A_060/B_060/C_000/Field_0.0000/Transmission.txt,0.000122026249916,-3.9135467351662863,1.42205128e-07,-3.09549908e-08,1.42205128e-07,3.09549908e-08,4.59393216812069,0.6621845783147389,0,0
60,60,15,A_060/B_060/C_015/Field_0.0000/Transmission.txt,0.000121786003856,-3.914402619727559,1.06377603e-07,-2.93179093e-08,1.06377603e-07,2.93179093e-08,3.6284170849795214,0.5597172032209797,0,0
60,60,30,A_060/B_060/C_030/Field_0.0000/Transmission.txt,0.0001001659248371,-3.99927999475708,4.50800345e-08,-2.47696515e-08,4.50800345e-08,2.47696515e-08,1.8199704787933733,0.2600643434789657,0,0
60,60,45,A_060/B_060/C_045/Field_0.0000/Transmission.txt,6.5785181454e-05,-4.181871923065914,1.54748753e-08,-1.72318427e-08,1.54748753e-08,1.72318427e-08,0.8980394940582878,-0.046704563472540164,1,2
60,60,60,A_060/B_060/C_060/Field_0.0000/Transmission.txt,3.0975567246e-05,-4.508980731778308,5.1557226e-09,-6.6432041700000006e-09,5.1557226e-09,6.6432041700000006e-09,0.7760897404422241,-0.11008805770382728,1,2
60,60,75,A_060/B_060/C_075/Field_0.0000/Transmission.txt,7.0745817457600005e-06,-5.150299230839413,1.01071031e-09,-1.43443284e-09,1.01071031e-09,1.43443284e-09,0.7046062261095473,-0.15205352358300006,1,2
60,60,90,A_060/B_060/C_090/Field_0.0000/Transmission.txt,1.77842290348e-07,-6.749964957196758,7.93323629e-11,-3.65473122e-10,7.93323629e-11,3.65473122e-10,0.21706757111402566,-0.6634050532761149,1,2
60,75,0,A_060/B_075/C_000/Field_0.0000/Transmission.txt,4.47986645432e-05,-4.348734932210866,4.17244096e-08,-1.17713874e-08,4.17244096e-08,1.17713874e-08,3.5445617565861443,0.5495625474283341,0,0
60,75,15,A_060/B_075/C_015/Field_0.0000/Transmission.txt,4.30883375474e-05,-4.365640261723156,2.95240103e-08,-1.05910884e-08,2.95240103e-08,1.05910884e-08,2.787627596423423,0.4452347552147312,0,0
60,75,30,A_060/B_075/C_030/Field_0.0000/Transmission.txt,3.42060532166e-05,-4.465897032951295,1.21086018e-08,-1.22750963e-08,1.21086018e-08,1.22750963e-08,0.9864363996883674,-0.005930910568716813,1,2
60,75,45,A_060/B_075/C_045/Field_0.0000/Transmission.txt,2.17005499372e-05,-4.6635292600839575,4.316016329999999e-09,-4.67503935e-09,4.316016329999999e-09,4.67503935e-09,0.9232042784837736,-0.034702191495982214,1,2
60,75,60,A_060/B_075/C_060/Field_0.0000/Transmission.txt,9.85442175918e-06,-5.006368854303365,1.49585729e-09,-1.92544218e-09,1.49585729e-09,1.92544218e-09,0.776890267356665,-0.10964031922605638,1,2
60,75,75,A_060/B_075/C_075/Field_0.0000/Transmission.txt,2.16210066286e-06,-5.665124090074233,2.90301473e-10,-3.79147725e-10,2.90301473e-10,3.79147725e-10,0.7656685082311915,-0.11595921497041428,1,2
60,75,90,A_060/B_075/C_090/Field_0.0000/Transmission.txt,6.704444954299999e-08,-7.173637170573392,5.88462392e-11,-6.96199345e-10,5.88462392e-11,6.96199345e-10,0.08452498500986093,-1.0730148975824272,1,2
60,90,0,A_060/B_090/C_000/Field_0.0000/Transmission.txt,2.11557875436e-06,-5.674570803021245,1.49470536e-09,-1.6864543399999998e-09,1.49470536e-09,1.6864543399999998e-09,0.8863005208904736,-0.052418995455023217,0,0
60,90,15,A_060/B_090/C_015/Field_0.0000/Transmission.txt,1.8969817566400002e-06,-5.7219368457210775,9.69252359e-10,-1.32252188e-09,9.69252359e-10,1.32252188e-09,0.7328819081617008,-0.13496599911809035,1,2
60,90,30,A_060/B_090/C_030/Field_0.0000/Transmission.txt,1.4189419763e-06,-5.848035363448764,3.68332754e-10,-2.7649736e-09,3.68332754e-10,2.7649736e-09,0.13321384117374574,-0.8754506487912038,1,2
60,90,45,A_060/B_090/C_045/Field_0.0000/Transmission.txt,8.53549593718e-07,-6.068771240041532,1.18485314e-10,-2.03381808e-10,1.18485314e-10,2.03381808e-10,0.5825757729521216,-0.2346475799417552,1,2
60,90,60,A_060/B_090/C_060/Field_0.0000/Transmission.txt,3.63726571887e-07,-6.439224970591256,3.95579861e-11,-1.17388205e-10,3.95579861e-11,1.17388205e-10,0.3369843341586149,-0.4723902882877391,1,2
60,90,75,A_060/B_090/C_075/Field_0.0000/Transmission.txt,7.10636587528e-08,-7.148352436373199,2.3610063600000004e-11,-1.42645404e-10,2.3610063600000004e-11,1.42645404e-10,0.16551576803694285,-0.7811606263883549,1,2
60,90,90,A_060/B_090/C_090/Field_0.0000/Transmission.txt,1.4097365323199999e-08,-7.850862045678816,4.47127874e-11,-2.38457668e-10,4.47127874e-11,2.38457668e-10,0.18750828092473,-0.7269795477735896,1,2
75,0,0,A_075/B_000/C_000/Field_0.0000/Transmission.txt,8.33184173368e-05,-4.079258988225283,2.1180976600000001e-07,-2.72466447e-08,2.1180976600000001e-07,2.72466447e-08,7.773792638768471,0.8906329519062979,0,0
75,0,15,A_075/B_000/C_015/Field_0.0000/Transmission.txt,8.86463860472e-05,-4.052338965102564,1.8157539899999997e-07,-2.64498672e-08,1.8157539899999997e-07,2.64498672e-08,6.864888871729383,0.8366335113054258,0,0
75,0,30,A_075/B_000/C_030/Field_0.0000/Transmission.txt,7.738163447600001e-05,-4.111362101231332,9.55866378e-08,-2.07887264e-08,9.55866378e-08,2.07887264e-08,4.598003550616743,0.6625693022992156,0,0
75,0,45,A_075/B_000/C_045/Field_0.0000/Transmission.txt,5.3418577299999996e-05,-4.272307682750198,2.99110357e-08,-1.34746638e-08,2.99110357e-08,1.34746638e-08,2.219798292852398,0.3463135130627799,0,0
75,0,60,A_075/B_000/C_060/Field_0.0000/Transmission.txt,2.5677493259e-05,-4.590447376121954,7.71931486e-09,-7.0913785400000005e-09,7.71931486e-09,7.0913785400000005e-09,1.0885492597043056,0.03684808678428195,0,1
75,0,75,A_075/B_000/C_075/Field_0.0000/Transmission.txt,5.16499231109e-06,-5.286930320660076,1.1138322900000001e-09,-1.34215071e-09,1.1138322900000001e-09,1.34215071e-09,0.8298861533962902,-0.08098148153114973,1,1
75,0,90,A_075/B_000/C_090/Field_0.0000/Transmission.txt,7.892313324610002e-07,-6.1027956815992646,1.59387175e-10,-7.17500127e-10,1.59387175e-10,7.17500127e-10,0.22214236486121208,-0.653368609074598,1,1
75,15,0,A_075/B_015/C_000/Field_0.0000/Transmission.txt,9.60504853724e-05,-4.017500436174257,2.0207935100000005e-07,-2.83589361e-08,2.0207935100000005e-07,2.83589361e-08,7.125773346624241,0.8528320043922271,0,0
75,15,15,A_075/B_015/C_015/Field_0.0000/Transmission.txt,9.93845859558e-05,-4.002680967246891,1.7012012699999995e-07,-2.76412043e-08,1.7012012699999995e-07,2.76412043e-08,6.1545844802427805,0.7891987373600644,0,0
75,15,30,A_075/B_015/C_030/Field_0.0000/Transmission.txt,8.42987245965e-05,-4.074178996014552,8.32426036e-08,-2.12982339e-08,8.32426036e-08,2.12982339e-08,3.908427524593952,0.5920020630858319,0,0
75,15,45,A_075/B_015/C_045/Field_0.0000/Transmission.txt,5.6457209948e-05,-4.248280588005038,2.46363695e-08,-1.36494955e-08,2.46363695e-08,1.36494955e-08,1.8049289440770904,0.2564601093981055,0,0
75,15,60,A_075/B_015/C_060/Field_0.0000/Transmission.txt,2.63701735848e-05,-4.578887011402141,6.41991177e-09,-7.39260002e-09,6.41991177e-09,7.39260002e-09,0.8684240663138164,-0.0612681496090679,1,1
75,15,75,A_075/B_015/C_075/Field_0.0000/Transmission.txt,5.190905866030001e-06,-5.2847568467201524,9.552744939999999e-10,-1.31770912e-09,9.552744939999999e-10,1.31770912e-09,0.7249509618632677,-0.13969136958413694,1,1
75,15,90,A_075/B_015/C_090/Field_0.0000/Transmission.txt,7.011904994949999e-07,-6.154163976840719,1.4350780200000001e-10,-1.5759671800000001e-09,1.4350780200000001e-10,1.5759671800000001e-09,0.09106014631599116,-1.040671656200281,1,1
75,30,0,A_075/B_030/C_000/Field_0.0000/Transmission.txt,9.34085575035e-05,-4.029613334623186,1.56097753e-07,-2.49934767e-08,1.56097753e-07,2.49934767e-08,6.245539781186185,0.7955699789567614,0,0
75,30,15,A_075/B_030/C_015/Field_0.0000/Transmission.txt,9.41957042692e-05,-4.025968902458944,1.25747266e-07,-2.39540272e-08,1.25747266e-07,2.39540272e-08,5.2495250568973235,0.720120013025157,0,0
75,30,30,A_075/B_030/C_030/Field_0.0000/Transmission.txt,7.78890029084e-05,-4.108523855720777,5.62209615e-08,-1.86807539e-08,5.62209615e-08,1.86807539e-08,3.0095659843792486,0.4785038696204865,0,0
75,30,45,A_075/B_030/C_045/Field_0.0000/Transmission.txt,5.10339243672e-05,-4.29214103434288,1.66015157e-08,-1.19432236e-08,1.66015157e-08,1.19432236e-08,1.3900364136195191,0.14302617725185432,0,0
75,30,60,A_075/B_030/C_060/Field_0.0000/Transmission.txt,2.3500307819000004e-05,-4.628926449080707,4.70631495e-09,-6.9322767e-09,4.70631495e-09,6.9322767e-09,0.6788988890186684,-0.16819490202446982,1,1
75,30,75,A_075/B_030/C_075/Field_0.0000/Transmission.txt,4.76343442631e-06,-5.3220798089260235,7.80675517e-10,-1.3497434e-09,7.80675517e-10,1.3497434e-09,0.5783880973227948,-0.2377806529891463,1,1
75,30,90,A_075/B_030/C_090/Field_0.0000/Transmission.txt,4.08705411864e-07,-6.388589611549207,9.14495103e-11,-4.95722198e-10,9.14495103e-11,4.95722198e-10,0.1844773356306308,-0.7340569824326741,1,1
75,45,0,A_075/B_045/C_000/Field_0.0000/Transmission.txt,7.527441884100001e-05,-4.123352588789246,9.76644784e-08,-1.86623389e-08,9.76644784e-08,1.86623389e-08,5.233238926981441,0.7187705631938711,0,0
75,45,15,A_075/B_045/C_015/Field_0.0000/Transmission.txt,7.38986868092e-05,-4.131363279014988,7.42059159e-08,-1.76614749e-08,7.42059159e-08,1.76614749e-08,4.201569592582554,0.6234115613635476,0,0
75,45,30,A_075/B_045/C_030/Field_0.0000/Transmission.txt,5.95951902556e-05,-4.224788789416511,3.06793633e-08,-1.3792004999999999e-08,3.06793633e-08,1.3792004999999999e-08,2.224430987372757,0.3472189363739604,0,0
75,45,45,A_075/B_045/C_045/Field_0.0000/Transmission.txt,3.81945514875e-05,-4.4179985854568935,9.642555959999999e-09,-8.79938539e-09,9.642555959999999e-09,8.79938539e-09,1.0958215298716447,0.03973982887163944,1,0
75,45,60,A_075/B_045/C_060/Field_0.0000/Transmission.txt,1.7359075975999998e-05,-4.760473396049201,3.04637514e-09,-4.0329721600000005e-09,3.04637514e-09,4.0329721600000005e-09,0.7553672624410083,-0.12184184139003272,1,1
75,45,75,A_075/B_045/C_075/Field_0.0000/Transmission.txt,3.62700873064e-06,-5.440451399020003,5.69371441e-10,-1.39162803e-09,5.69371441e-10,1.39162803e-09,0.40914053807898654,-0.38812748801128655,1,1
75,45,90,A_075/B_045/C_090/Field_0.0000/Transmission.txt,1.8639132523e-07,-6.729574303851192,5.1241805600000004e-11,-1.743308e-10,5.1241805600000004e-11,1.743308e-10,0.2939343225637696,-0.5317496986169856,1,1
75,60,0,A_075/B_060/C_000/Field_0.0000/Transmission.txt,4.7226139639e-05,-4.325817553089406,4.75286214e-08,-1.11544798e-08,4.75286214e-08,1.11544798e-08,4.260944683408724,0.6295058961234082,0,0
75,60,15,A_075/B_060/C_015/Field_0.0000/Transmission.txt,4.50029376053e-05,-4.346759136355058,3.41124639e-08,-1.03691361e-08,3.41124639e-08,1.03691361e-08,3.2898077111747037,0.5171705142368181,0,0
75,60,30,A_075/B_060/C_030/Field_0.0000/Transmission.txt,3.52766808125e-05,-4.452512284442406,1.36011914e-08,-8.05231693e-09,1.36011914e-08,8.05231693e-09,1.6891028406155892,0.2276560922898879,0,0
75,60,45,A_075/B_060/C_045/Field_0.0000/Transmission.txt,2.20360274995e-05,-4.656866694327683,4.64795946e-09,-5.33132714e-09,4.64795946e-09,5.33132714e-09,0.8718203437802917,-0.05957300101179998,1,0
75,60,60,A_075/B_060/C_060/Field_0.0000/Transmission.txt,9.80566205869e-06,-5.008523078311457,1.62132177e-09,-2.1743186e-09,1.62132177e-09,2.1743186e-09,0.7456689051917229,-0.12745396685331395,1,2
75,60,75,A_075/B_060/C_075/Field_0.0000/Transmission.txt,2.06822449264e-06,-5.684402323110344,3.30011046e-10,-4.57852e-10,3.30011046e-10,4.57852e-10,0.7207810515188314,-0.14219663896708898,1,2
75,60,90,A_075/B_060/C_090/Field_0.0000/Transmission.txt,7.712063613360001e-08,-7.1128293967897065,3.0438995e-11,-1.18242183e-10,3.0438995e-11,1.18242183e-10,0.2574292374152125,-0.5893421298209109,1,1
75,75,0,A_075/B_075/C_000/Field_0.0000/Transmission.txt,1.91688579787e-05,-4.717403760273883,1.54568541e-08,-4.4991546799999995e-09,1.54568541e-08,4.4991546799999995e-09,3.4355018218666795,0.5359901831858883,0,0
75,75,15,A_075/B_075/C_015/Field_0.0000/Transmission.txt,1.76689395812e-05,-4.7527895143219165,1.05957223e-08,-4.04699574e-09,1.05957223e-08,4.04699574e-09,2.6181698674088545,0.4179978202457079,0,0
75,75,30,A_075/B_075/C_030/Field_0.0000/Transmission.txt,1.3407430581999999e-05,-4.872654442952056,4.16575215e-09,-3.18507357e-09,4.16575215e-09,3.18507357e-09,1.3078982505261252,0.11657395885531845,0,0
75,75,45,A_075/B_075/C_045/Field_0.0000/Transmission.txt,8.11584165812e-06,-5.0906664347381945,1.5298816300000001e-09,-2.2802113300000003e-09,1.5298816300000001e-09,2.2802113300000003e-09,0.6709385265619218,-0.17331726939577746,1,2
75,75,60,A_075/B_075/C_060/Field_0.0000/Transmission.txt,3.5114525180300003e-06,-5.454513199751462,5.65830817e-10,-7.17070002e-10,5.65830817e-10,7.17070002e-10,0.7890872793755498,-0.10287495768435373,1,2
75,75,75,A_075/B_075/C_075/Field_0.0000/Transmission.txt,7.31006418062e-07,-6.136078810023433,1.19441572e-10,-1.37239819e-10,1.19441572e-10,1.37239819e-10,0.8703128062271782,-0.0603246259998168,1,2
75,75,90,A_075/B_075/C_090/Field_0.0000/Transmission.txt,2.92648076172e-08,-7.533654326532308,2.0130245600000002e-11,-1.38172993e-10,2.0130245600000002e-11,1.38172993e-10,0.14568871356792568,-0.8365740915040591,1,2
75,90,0,A_075/B_090/C_000/Field_0.0000/Transmission.txt,2.0744635394400004e-06,-5.683094193883535,1.24879519e-09,-6.9870676e-10,1.24879519e-09,6.9870676e-10,1.7872951307927805,0.25219627219881185,0,0
75,90,15,A_075/B_090/C_015/Field_0.0000/Transmission.txt,1.8270554868799998e-06,-5.738248263112771,8.112513599999999e-10,-5.47188855e-10,8.112513599999999e-10,5.47188855e-10,1.4825801961920442,0.1710181946647476,0,0
75,90,30,A_075/B_090/C_030/Field_0.0000/Transmission.txt,1.33096322205e-06,-5.875833945037285,3.05096858e-10,-5.02089812e-10,3.05096858e-10,5.02089812e-10,0.6076539509628608,-0.2163436739710649,1,2
75,90,45,A_075/B_090/C_045/Field_0.0000/Transmission.txt,7.77596230137e-07,-6.10924585357904,1.0891552099999999e-10,-2.1415804e-10,1.0891552099999999e-10,2.1415804e-10,0.5085754473658799,-0.29364461020612675,1,2
75,90,60,A_075/B_090/C_060/Field_0.0000/Transmission.txt,3.2599931910100005e-07,-6.486783307020979,3.9830446200000005e-11,-5.48909584e-11,3.9830446200000005e-11,5.48909584e-11,0.7256285435890658,-0.13928564204579927,1,2
75,90,75,A_075/B_090/C_075/Field_0.0000/Transmission.txt,6.8193180212e-08,-7.166259055613188,1.27636466e-11,-3.74242204e-11,1.27636466e-11,3.74242204e-11,0.34105310581165776,-0.4671779911974184,1,2
75,90,90,A_075/B_090/C_090/Field_0.0000/Transmission.txt,9.88434075e-09,-8.005052291265317,1.42503614e-11,-7.799908229999999e-11,1.42503614e-11,7.799908229999999e-11,0.1826990905507102,-0.7382636144963466,1,2
90,0,0,A_090/B_000/C_000/Field_0.0000/Transmission.txt,3.3622342185e-06,-5.4733720362091445,6.84657278e-09,-1.14028592e-09,6.84657278e-09,1.14028592e-09,6.004259686026818,0.7784594673436428,0,0
90,0,15,A_090/B_000/C_015/Field_0.0000/Transmission.txt,2.72270663192e-06,-5.5649991508018255,5.55643447e-09,-1.19348326e-09,5.55643447e-09,1.19348326e-09,4.655645082110327,0.6679798649502156,0,0
90,0,30,A_090/B_000/C_030/Field_0.0000/Transmission.txt,1.7503547737e-06,-5.756873916659664,2.6171118600000003e-09,-4.73061938e-10,2.6171118600000003e-09,4.73061938e-10,5.532281610024606,0.7429042789150238,0,0
90,0,45,A_090/B_000/C_045/Field_0.0000/Transmission.txt,8.672256571209999e-07,-6.061867881888207,7.87892804e-10,-2.4892348300000003e-10,7.87892804e-10,2.4892348300000003e-10,3.1652007858173836,0.5004012648768134,0,0
90,0,60,A_090/B_000/C_060/Field_0.0000/Transmission.txt,3.6263995427600004e-07,-6.440524348708032,2.6101130699999997e-10,-1.47225365e-10,2.6101130699999997e-10,1.47225365e-10,1.7728691452047003,0.2486766816738112,0,0
90,0,75,A_090/B_000/C_075/Field_0.0000/Transmission.txt,3.17694896704e-07,-6.497989761411736,1.16114262e-10,-1.34439717e-10,1.16114262e-10,1.34439717e-10,0.8636901697732673,-0.06364202336569326,1,1
90,0,90,A_090/B_000/C_090/Field_0.0000/Transmission.txt,6.28500058339e-07,-6.201694677665684,1.20344546e-10,-2.37157669e-10,1.20344546e-10,2.37157669e-10,0.5074453063543983,-0.29461076017045196,1,1
90,15,0,A_090/B_015/C_000/Field_0.0000/Transmission.txt,3.7564994325599997e-06,-5.425216672426799,6.74788107e-09,-1.4153063300000001e-09,6.74788107e-09,1.4153063300000001e-09,4.767788376951581,0.6783169705656895,0,0
90,15,15,A_090/B_015/C_015/Field_0.0000/Transmission.txt,3.0046253332e-06,-5.522209675364544,5.26610852e-09,-1.31436242e-09,5.26610852e-09,1.31436242e-09,4.006587863338333,0.6027746711366057,0,0
90,15,30,A_090/B_015/C_030/Field_0.0000/Transmission.txt,1.90780590553e-06,-5.719465811206904,2.2639018e-09,-4.99279375e-10,2.2639018e-09,4.99279375e-10,4.5343387156739645,0.6565139588548388,0,0
90,15,45,A_090/B_015/C_045/Field_0.0000/Transmission.txt,9.15120331974e-07,-6.0385217954676795,6.540112860000001e-10,-2.4030043e-10,6.540112860000001e-10,2.4030043e-10,2.7216400986049005,0.4348306948849521,0,0
90,15,60,A_090/B_015/C_060/Field_0.0000/Transmission.txt,3.19717056868e-07,-6.495234193549873,2.0851661000000001e-10,-1.23741485e-10,2.0851661000000001e-10,1.23741485e-10,1.6850986554751626,0.2266253320763396,0,0
90,15,75,A_090/B_015/C_075/Field_0.0000/Transmission.txt,2.03674682864e-07,-6.69106295124426,8.010889599999999e-11,-8.89255286e-11,8.010889599999999e-11,8.89255286e-11,0.9008537510116078,-0.045345708781249404,1,1
90,15,90,A_090/B_015/C_090/Field_0.0000/Transmission.txt,4.6447514548e-07,-6.333037520571707,9.1748435e-11,-1.98311235e-10,9.1748435e-11,1.98311235e-10,0.462648699656376,-0.3347486541446409,1,1
90,30,0,A_090/B_030/C_000/Field_0.0000/Transmission.txt,3.83650259872e-06,-5.416064503286427,5.60839451e-09,-1.0271903400000001e-09,5.60839451e-09,1.0271903400000001e-09,5.459936967475767,0.7371876289986075,0,0
90,30,15,A_090/B_030/C_015/Field_0.0000/Transmission.txt,3.1324034202099998e-06,-5.504122310506669,4.1438638899999995e-09,-9.068648240000001e-10,4.1438638899999995e-09,9.068648240000001e-10,4.5694394361027735,0.6598629255097797,0,0
90,30,30,A_090/B_030/C_030/Field_0.0000/Transmission.txt,2.05511355499e-06,-5.687164176248719,1.65391725e-09,-4.92632292e-10,1.65391725e-09,4.92632292e-10,3.357305797566352,0.5259909004220334,0,0
90,30,45,A_090/B_030/C_045/Field_0.0000/Transmission.txt,1.02332879035e-06,-5.989984807252548,4.94399412e-10,-2.44959913e-10,4.94399412e-10,2.44959913e-10,2.0182870166189195,0.3049829264550516,0,0
90,30,60,A_090/B_030/C_060/Field_0.0000/Transmission.txt,3.2774344553e-07,-6.48446598491207,1.57005e-10,-2.0768884099999998e-10,1.57005e-10,2.0768884099999998e-10,0.7559626181360413,-0.12149967954989475,1,1
90,30,75,A_090/B_030/C_075/Field_0.0000/Transmission.txt,7.48585999728e-08,-7.125758299446727,4.05030768e-11,-3.7794040899999996e-11,4.05030768e-11,3.7794040899999996e-11,1.071678916450556,0.03006468675501928,1,1
90,30,90,A_090/B_030/C_090/Field_0.0000/Transmission.txt,2.03145872375e-07,-6.6921919974723085,4.26152379e-11,-1.2466773999999998e-10,4.26152379e-11,1.2466773999999998e-10,0.34183051605812376,-0.4661891693388839,1,1
90,45,0,A_090/B_045/C_000/Field_0.0000/Transmission.txt,3.6278909424300005e-06,-5.440345776687119,4.07659384e-09,-8.337592099999999e-10,4.07659384e-09,8.337592099999999e-10,4.889413863266348,0.6892567995722138,0,0
90,45,15,A_090/B_045/C_015/Field_0.0000/Transmission.txt,3.0578441491e-06,-5.5145846532960725,2.86915899e-09,-7.2618022e-10,2.86915899e-09,7.2618022e-10,3.9510288368912057,0.5967101994250613,0,0
90,45,30,A_090/B_045/C_030/Field_0.0000/Transmission.txt,2.1004305111e-06,-5.6776916817265715,1.10239187e-09,-4.80662487e-10,1.10239187e-09,4.80662487e-10,2.293484305131555,0.3604957724958705,0,0
90,45,45,A_090/B_045/C_045/Field_0.0000/Transmission.txt,1.12145850344e-06,-5.95021679168462,3.63065759e-10,-2.61233879e-10,3.63065759e-10,2.61233879e-10,1.389811154624397,0.14295579300495367,0,0
90,45,60,A_090/B_045/C_060/Field_0.0000/Transmission.txt,3.96395383894e-07,-6.401871411606129,1.22426801e-10,-1.1430066100000001e-10,1.22426801e-10,1.1430066100000001e-10,1.0710944270042322,0.02982775964526206,1,0
90,45,75,A_090/B_045/C_075/Field_0.0000/Transmission.txt,5.1371420154000005e-08,-7.289278428114081,2.3181333300000002e-11,-9.827710109999999e-11,2.3181333300000002e-11,9.827710109999999e-11,0.23587725971294446,-0.6273139262497505,1,1
90,45,90,A_090/B_045/C_090/Field_0.0000/Transmission.txt,6.1125403444e-08,-7.213778261399207,1.3983435399999999e-11,-2.84914277e-11,1.3983435399999999e-11,2.84914277e-11,0.490794478509057,-0.3091003317774233,1,1
90,60,0,A_090/B_060/C_000/Field_0.0000/Transmission.txt,3.1219619992400003e-06,-5.505572387507047,2.67390465e-09,-6.78957919e-10,2.67390465e-09,6.78957919e-10,3.9382479755715174,0.5953030584328114,0,0
90,60,15,A_090/B_060/C_015/Field_0.0000/Transmission.txt,2.6910554075e-06,-5.570077360235584,1.81017805e-09,-5.9411714e-10,1.81017805e-09,5.9411714e-10,3.0468369419539045,0.4838492126393033,0,0
90,60,30,A_090/B_060/C_030/Field_0.0000/Transmission.txt,1.9051817521900002e-06,-5.720063586808328,6.91550343e-10,-4.2648338099999996e-10,6.91550343e-10,4.2648338099999996e-10,1.6215176811309324,0.2099216886091966,0,0
90,60,45,A_090/B_060/C_045/Field_0.0000/Transmission.txt,1.0646556824e-06,-5.9727908235975455,2.51162465e-10,-2.5318806600000004e-10,2.51162465e-10,2.5318806600000004e-10,0.9919996189709828,-0.0034884946591595078,1,0
90,60,60,A_090/B_060/C_060/Field_0.0000/Transmission.txt,4.12289036837e-07,-6.384798213354106,9.190288520000001e-11,-1.0039820899999999e-10,9.190288520000001e-11,1.0039820899999999e-10,0.9153837116755738,-0.03839681966964793,1,0
90,60,75,A_090/B_060/C_075/Field_0.0000/Transmission.txt,6.7926789876e-08,-7.167958909067178,1.77407078e-11,-2.1273468e-11,1.77407078e-11,2.1273468e-11,0.8339358585069441,-0.0788673514818535,1,2
90,60,90,A_090/B_060/C_090/Field_0.0000/Transmission.txt,1.791807509e-08,-7.746708647725983,4.20528892e-12,-1.0854443400000001e-11,4.20528892e-12,1.0854443400000001e-11,0.3874255698822843,-0.4118117194653501,1,1
90,75,0,A_090/B_075/C_000/Field_0.0000/Transmission.txt,2.3913364419999997e-06,-5.621359317809364,1.6001913099999999e-09,-5.00526775e-10,1.6001913099999999e-09,5.00526775e-10,3.1970144054731136,0.5047445931698386,0,0
90,75,15,A_090/B_075/C_015/Field_0.0000/Transmission.txt,2.07902854997e-06,-5.682139546739097,1.06300231e-09,-4.46332099e-10,1.06300231e-09,4.46332099e-10,2.381639842578295,0.37687608703468894,0,0
90,75,30,A_090/B_075/C_030/Field_0.0000/Transmission.txt,1.48546129994e-06,-5.828138658193162,4.09249754e-10,-3.3285269199999997e-10,4.09249754e-10,3.3285269199999997e-10,1.2295221394814495,0.08973635330089139,1,0
90,75,45,A_090/B_075/C_045/Field_0.0000/Transmission.txt,8.438954116140002e-07,-6.073711374432992,1.59440535e-10,-2.45791289e-10,1.59440535e-10,2.45791289e-10,0.6486826105541926,-0.1879677441872127,1,2
90,75,60,A_090/B_075/C_060/Field_0.0000/Transmission.txt,3.4235662109000003e-07,-6.465521268570592,6.31592005e-11,-8.37245183e-11,6.31592005e-11,8.37245183e-11,0.7543692311694077,-0.12241603369312115,1,2
90,75,75,A_090/B_075/C_075/Field_0.0000/Transmission.txt,6.86744788652e-08,-7.163204627529193,1.43595818e-11,-1.92346189e-11,1.43595818e-11,1.92346189e-11,0.7465488073694042,-0.12694179399615715,1,2
90,75,90,A_090/B_075/C_090/Field_0.0000/Transmission.txt,9.51343483731e-09,-8.021662652193825,1.81034933e-12,-1.1364426300000001e-11,1.81034933e-12,1.1364426300000001e-11,0.15929966741919915,-0.7977851309041879,1,2
90,90,0,A_090/B_090/C_000/Field_0.0000/Transmission.txt,1.59877082867e-06,-5.796213784519532,9.05926681e-10,-3.33466323e-10,9.05926681e-10,3.33466323e-10,2.7166961654475674,0.43404106975830703,0,0
90,90,15,A_090/B_090/C_015/Field_0.0000/Transmission.txt,1.3964593783e-06,-5.8549716930003886,6.08388155e-10,-3.01066208e-10,6.08388155e-10,3.01066208e-10,2.020778615579468,0.3055187374150484,0,0
90,90,30,A_090/B_090/C_030/Field_0.0000/Transmission.txt,1.002760711924e-06,-5.9988026899998825,2.4315127799999996e-10,-2.3198028e-10,2.4315127799999996e-10,2.3198028e-10,1.0481549466187383,0.020425488265464132,1,0
90,90,45,A_090/B_090/C_045/Field_0.0000/Transmission.txt,5.77024782207e-07,-6.238805534253931,1.02281055e-10,-1.56739148e-10,1.02281055e-10,1.56739148e-10,0.6525558949701578,-0.18538228270625126,1,2
90,90,60,A_090/B_090/C_060/Field_0.0000/Transmission.txt,2.43094434359e-07,-6.614224984204153,4.447737e-11,-6.21503787e-11,4.447737e-11,6.21503787e-11,0.7156411743634314,-0.14530468028408008,1,2
90,90,75,A_090/B_090/C_075/Field_0.0000/Transmission.txt,5.64635259801e-08,-7.248232004937121,1.2351202e-11,-1.7148295e-11,1.2351202e-11,1.7148295e-11,0.7202583113948062,-0.14251172149312413,1,2
90,90,90,A_090/B_090/C_090/Field_0.0000/Transmission.txt,8.245000893160001e-09,-8.083809292973442,1.23968599e-12,-5.8052899000000005e-12,1.23968599e-12,5.8052899000000005e-12,0.2135442004369153,-0.6705122189102888,1,2
