system,anchor_hybridization,energy_relative_to_fermi_eV,transmission
OPA3,sp,-4.98829,4.19832931e-08
OPA3,sp,-4.97829,1.78166612e-08
OPA3,sp,-4.96829,8.53210161e-09
OPA3,sp,-4.95829,4.23393718e-09
OPA3,sp,-4.94829,2.03533799e-09
OPA3,sp,-4.93829,8.66329491e-10
OPA3,sp,-4.92829,2.66392815e-10
OPA3,sp,-4.91829,1.79804786e-11
OPA3,sp,-4.90829,1.40012252e-11
OPA3,sp,-4.89829,2.03811250e-10
OPA3,sp,-4.88829,5.69546954e-10
OPA3,sp,-4.87829,1.11572665e-09
OPA3,sp,-4.86829,1.86552174e-09
OPA3,sp,-4.85829,2.86112943e-09
OPA3,sp,-4.84829,4.16750696e-09
OPA3,sp,-4.83829,5.87981480e-09
OPA3,sp,-4.82829,8.13585909e-09
OPA3,sp,-4.81829,1.11358360e-08
OPA3,sp,-4.80829,1.51720456e-08
OPA3,sp,-4.79829,2.06630170e-08
OPA3,sp,-4.78829,2.80719219e-08
OPA3,sp,-4.77829,3.34719034e-08
OPA3,sp,-4.76829,4.96512182e-08
OPA3,sp,-4.75829,8.33620202e-08
OPA3,sp,-4.74829,1.27892664e-07
OPA3,sp,-4.73829,2.06363097e-07
OPA3,sp,-4.72829,3.62031449e-07
OPA3,sp,-4.71829,7.29266564e-07
OPA3,sp,-4.70829,1.91177166e-06
OPA3,sp,-4.69829,1.01042827e-05
OPA3,sp,-4.68829,2.93322780e-04
OPA3,sp,-4.67829,6.29377524e-06
OPA3,sp,-4.66829,1.99138100e-06
OPA3,sp,-4.65829,1.01883213e-06
OPA3,sp,-4.64829,6.43236643e-07
OPA3,sp,-4.63829,4.57242277e-07
OPA3,sp,-4.62829,3.50791272e-07
OPA3,sp,-4.61829,2.83833273e-07
OPA3,sp,-4.60829,2.38848865e-07
OPA3,sp,-4.59829,2.07141377e-07
OPA3,sp,-4.58829,1.83973400e-07
OPA3,sp,-4.57829,1.66572160e-07
OPA3,sp,-4.56829,1.53217568e-07
OPA3,sp,-4.55829,1.42790771e-07
OPA3,sp,-4.54829,1.34805875e-07
OPA3,sp,-4.53829,1.28748199e-07
OPA3,sp,-4.52829,1.22840622e-07
OPA3,sp,-4.51829,1.18311963e-07
OPA3,sp,-4.50829,1.14486264e-07
OPA3,sp,-4.49829,1.11088306e-07
OPA3,sp,-4.48829,1.07870637e-07
OPA3,sp,-4.47829,1.04574964e-07
OPA3,sp,-4.46829,3.70819590e-07
OPA3,sp,-4.45829,9.56317842e-08
OPA3,sp,-4.44829,8.96715974e-08
OPA3,sp,-4.43829,8.13211892e-08
OPA3,sp,-4.42829,6.95802526e-08
OPA3,sp,-4.41829,5.31772865e-08
OPA3,sp,-4.40829,3.18143022e-08
OPA3,sp,-4.39829,1.46221260e-08
OPA3,sp,-4.38829,9.81544256e-08
OPA3,sp,-4.37829,2.42229746e-06
OPA3,sp,-4.36829,2.06561321e-05
OPA3,sp,-4.35829,2.70781061e-06
OPA3,sp,-4.34829,1.53882317e-06
OPA3,sp,-4.33829,1.20464094e-06
OPA3,sp,-4.32829,1.07752740e-06
OPA3,sp,-4.31829,1.03470696e-06
OPA3,sp,-4.30829,1.03799164e-06
OPA3,sp,-4.29829,1.07285345e-06
OPA3,sp,-4.28829,1.13365876e-06
OPA3,sp,-4.27829,1.21898830e-06
OPA3,sp,-4.26829,1.32993920e-06
OPA3,sp,-4.25829,1.46953074e-06
OPA3,sp,-4.24829,1.64262735e-06
OPA3,sp,-4.23829,1.85620547e-06
OPA3,sp,-4.22829,2.12001741e-06
OPA3,sp,-4.21829,2.44824286e-06
OPA3,sp,-4.20829,2.86792037e-06
OPA3,sp,-4.19829,3.90055440e-06
OPA3,sp,-4.18829,4.04952442e-06
OPA3,sp,-4.17829,4.81762189e-06
OPA3,sp,-4.16829,5.87297641e-06
OPA3,sp,-4.15829,7.26937541e-06
OPA3,sp,-4.14829,9.14321418e-06
OPA3,sp,-4.13829,1.17090345e-05
OPA3,sp,-4.12829,1.53097502e-05
OPA3,sp,-4.11829,2.05152700e-05
OPA3,sp,-4.10829,2.83211427e-05
OPA3,sp,-4.09829,4.05785514e-05
OPA3,sp,-4.08829,6.10170595e-05
OPA3,sp,-4.07829,9.79975742e-05
OPA3,sp,-4.06829,1.73297400e-04
OPA3,sp,-4.05829,3.58196473e-04
OPA3,sp,-4.04829,1.00151465e-03
OPA3,sp,-4.03829,6.65910928e-03
OPA3,sp,-4.02829,3.36077840e-02
OPA3,sp,-4.01829,2.22292789e-03
OPA3,sp,-4.00829,8.01032668e-04
OPA3,sp,-3.99829,4.37050712e-04
OPA3,sp,-3.98829,2.89448489e-04
OPA3,sp,-3.97829,2.14768685e-04
OPA3,sp,-3.96829,1.71849880e-04
OPA3,sp,-3.95829,1.45180871e-04
OPA3,sp,-3.94829,1.27828364e-04
OPA3,sp,-3.93829,1.16311138e-04
OPA3,sp,-3.92829,1.08732639e-04
OPA3,sp,-3.91829,1.04001114e-04
OPA3,sp,-3.90829,1.01469757e-04
OPA3,sp,-3.89829,1.00759407e-04
OPA3,sp,-3.88829,1.01673758e-04
OPA3,sp,-3.87829,1.04202609e-04
OPA3,sp,-3.86829,1.09156801e-04
OPA3,sp,-3.85829,2.61655416e-04
OPA3,sp,-3.84829,1.21289077e-04
OPA3,sp,-3.83829,1.29508004e-04
OPA3,sp,-3.82829,1.40588640e-04
OPA3,sp,-3.81829,1.54444051e-04
OPA3,sp,-3.80829,1.71579273e-04
OPA3,sp,-3.79829,1.92742580e-04
OPA3,sp,-3.78829,2.18949919e-04
OPA3,sp,-3.77829,2.51570877e-04
OPA3,sp,-3.76829,2.92463604e-04
OPA3,sp,-3.75829,3.44176697e-04
OPA3,sp,-3.74829,4.10253262e-04
OPA3,sp,-3.73829,4.95696666e-04
OPA3,sp,-3.72829,6.07699180e-04
OPA3,sp,-3.71829,7.56809856e-04
OPA3,sp,-3.70829,9.58858658e-04
OPA3,sp,-3.69829,1.23822764e-03
OPA3,sp,-3.68829,1.63361614e-03
OPA3,sp,-3.67829,2.20863515e-03
OPA3,sp,-3.66829,3.07225516e-03
OPA3,sp,-3.65829,4.42064931e-03
OPA3,sp,-3.64829,6.62912708e-03
OPA3,sp,-3.63829,1.04743058e-02
OPA3,sp,-3.62829,1.78976716e-02
OPA3,sp,-3.61829,3.30238489e-02
OPA3,sp,-3.60829,7.06629778e-02
OPA3,sp,-3.59829,1.87648034e-01
OPA3,sp,-3.58829,6.20872487e-01
OPA3,sp,-3.57829,8.46913972e-01
OPA3,sp,-3.56829,3.84108336e-01
OPA3,sp,-3.55829,2.08517612e-01
OPA3,sp,-3.54829,1.43007175e-01
OPA3,sp,-3.53829,1.14868235e-01
OPA3,sp,-3.52829,1.03326835e-01
OPA3,sp,-3.51829,1.01636058e-01
OPA3,sp,-3.50829,1.08013075e-01
OPA3,sp,-3.49829,1.23426786e-01
OPA3,sp,-3.48829,1.51640036e-01
OPA3,sp,-3.47829,2.00706211e-01
OPA3,sp,-3.46829,2.85317575e-01
OPA3,sp,-3.45829,4.21833073e-01
OPA3,sp,-3.44829,5.74660735e-01
OPA3,sp,-3.43829,5.83264476e-01
OPA3,sp,-3.42829,4.30985436e-01
OPA3,sp,-3.41829,2.81360314e-01
OPA3,sp,-3.40829,1.88066915e-01
OPA3,sp,-3.39829,1.33954122e-01
OPA3,sp,-3.38829,1.01748079e-01
OPA3,sp,-3.37829,8.19022086e-02
OPA3,sp,-3.36829,6.94100465e-02
OPA3,sp,-3.35829,6.16176599e-02
OPA3,sp,-3.34829,5.71038233e-02
OPA3,sp,-3.33829,5.51416122e-02
OPA3,sp,-3.32829,5.54501072e-02
OPA3,sp,-3.31829,5.81018714e-02
OPA3,sp,-3.30829,6.35315793e-02
OPA3,sp,-3.29829,7.26228961e-02
OPA3,sp,-3.28829,8.68171692e-02
OPA3,sp,-3.27829,1.07930072e-01
OPA3,sp,-3.26829,1.36377373e-01
OPA3,sp,-3.25829,1.64965760e-01
OPA3,sp,-3.24829,1.72988912e-01
OPA3,sp,-3.23829,1.47883318e-01
OPA3,sp,-3.22829,1.08981050e-01
OPA3,sp,-3.21829,7.67082172e-02
OPA3,sp,-3.20829,5.50926709e-02
OPA3,sp,-3.19829,4.15225455e-02
OPA3,sp,-3.18829,3.31755867e-02
OPA3,sp,-3.17829,2.82243753e-02
OPA3,sp,-3.16829,2.56694097e-02
OPA3,sp,-3.15829,2.50979160e-02
OPA3,sp,-3.14829,2.66040945e-02
OPA3,sp,-3.13829,3.09465853e-02
OPA3,sp,-3.12829,4.01706665e-02
OPA3,sp,-3.11829,5.94631969e-02
OPA3,sp,-3.10829,1.02467307e-01
OPA3,sp,-3.09829,2.00537331e-01
OPA3,sp,-3.08829,3.46703435e-01
OPA3,sp,-3.07829,3.45593018e-01
OPA3,sp,-3.06829,2.55526626e-01
OPA3,sp,-3.05829,2.03723056e-01
OPA3,sp,-3.04829,1.86793862e-01
OPA3,sp,-3.03829,1.88043346e-01
OPA3,sp,-3.02829,1.90706200e-01
OPA3,sp,-3.01829,1.83410853e-01
OPA3,sp,-3.00829,2.16009752e-01
OPA3,sp,-2.99829,6.50383551e-01
OPA3,sp,-2.98829,4.97954926e-01
OPA3,sp,-2.97829,2.76574325e-01
OPA3,sp,-2.96829,2.05542609e-01
OPA3,sp,-2.95829,1.77264217e-01
OPA3,sp,-2.94829,1.66228734e-01
OPA3,sp,-2.93829,1.66475300e-01
OPA3,sp,-2.92829,1.79535999e-01
OPA3,sp,-2.91829,2.12945016e-01
OPA3,sp,-2.90829,2.83958167e-01
OPA3,sp,-2.89829,4.27367219e-01
OPA3,sp,-2.88829,6.83514525e-01
OPA3,sp,-2.87829,9.54838686e-01
OPA3,sp,-2.86829,9.55078909e-01
OPA3,sp,-2.85829,7.69048047e-01
OPA3,sp,-2.84829,5.95633931e-01
OPA3,sp,-2.83829,4.91593655e-01
OPA3,sp,-2.82829,4.26125802e-01
OPA3,sp,-2.81829,3.82315063e-01
OPA3,sp,-2.80829,3.49026101e-01
OPA3,sp,-2.79829,3.19881811e-01
OPA3,sp,-2.78829,2.91900400e-01
OPA3,sp,-2.77829,2.64424808e-01
OPA3,sp,-2.76829,2.38051654e-01
OPA3,sp,-2.75829,2.13698437e-01
OPA3,sp,-2.74829,1.92047147e-01
OPA3,sp,-2.73829,1.73383176e-01
OPA3,sp,-2.72829,1.57671475e-01
OPA3,sp,-2.71829,1.44705490e-01
OPA3,sp,-2.70829,1.34239216e-01
OPA3,sp,-2.69829,1.26079848e-01
OPA3,sp,-2.68829,1.20156269e-01
OPA3,sp,-2.67829,1.16595788e-01
OPA3,sp,-2.66829,1.15843807e-01
OPA3,sp,-2.65829,1.18832860e-01
OPA3,sp,-2.64829,1.27104347e-01
OPA3,sp,-2.63829,1.42597287e-01
OPA3,sp,-2.62829,1.66779358e-01
OPA3,sp,-2.61829,1.99306002e-01
OPA3,sp,-2.60829,2.36920043e-01
OPA3,sp,-2.59829,2.72794694e-01
OPA3,sp,-2.58829,2.97763657e-01
OPA3,sp,-2.57829,3.08862707e-01
OPA3,sp,-2.56829,3.13114259e-01
OPA3,sp,-2.55829,3.13932914e-01
OPA3,sp,-2.54829,3.09502281e-01
OPA3,sp,-2.53829,2.98631694e-01
OPA3,sp,-2.52829,2.82051768e-01
OPA3,sp,-2.51829,2.61809430e-01
OPA3,sp,-2.50829,2.40430245e-01
OPA3,sp,-2.49829,2.20167392e-01
OPA3,sp,-2.48829,2.02581824e-01
OPA3,sp,-2.47829,1.88519256e-01
OPA3,sp,-2.46829,1.78335552e-01
OPA3,sp,-2.45829,1.72190225e-01
OPA3,sp,-2.44829,1.70316578e-01
OPA3,sp,-2.43829,1.73265945e-01
OPA3,sp,-2.42829,1.82171870e-01
OPA3,sp,-2.41829,1.99025595e-01
OPA3,sp,-2.40829,2.26379802e-01
OPA3,sp,-2.39829,2.64561688e-01
OPA3,sp,-2.38829,3.08944990e-01
OPA3,sp,-2.37829,3.58908045e-01
OPA3,sp,-2.36829,4.26189764e-01
OPA3,sp,-2.35829,5.20839115e-01
OPA3,sp,-2.34829,6.14454968e-01
OPA3,sp,-2.33829,6.88324186e-01
OPA3,sp,-2.32829,7.57955115e-01
OPA3,sp,-2.31829,8.17510843e-01
OPA3,sp,-2.30829,8.40867689e-01
OPA3,sp,-2.29829,8.07117523e-01
OPA3,sp,-2.28829,7.22590274e-01
OPA3,sp,-2.27829,6.15128696e-01
OPA3,sp,-2.26829,5.10861234e-01
OPA3,sp,-2.25829,4.22705313e-01
OPA3,sp,-2.24829,3.53131406e-01
OPA3,sp,-2.23829,2.99915702e-01
OPA3,sp,-2.22829,2.59693309e-01
OPA3,sp,-2.21829,2.29395402e-01
OPA3,sp,-2.20829,2.06622409e-01
OPA3,sp,-2.19829,1.89620622e-01
OPA3,sp,-2.18829,1.77154778e-01
OPA3,sp,-2.17829,1.68380766e-01
OPA3,sp,-2.16829,1.62746516e-01
OPA3,sp,-2.15829,1.59922624e-01
OPA3,sp,-2.14829,1.59757101e-01
OPA3,sp,-2.13829,1.62258511e-01
OPA3,sp,-2.12829,1.67709085e-01
OPA3,sp,-2.11829,1.75815478e-01
OPA3,sp,-2.10829,1.87454042e-01
OPA3,sp,-2.09829,2.02954306e-01
OPA3,sp,-2.08829,2.23060415e-01
OPA3,sp,-2.07829,2.49172973e-01
OPA3,sp,-2.06829,2.84321122e-01
OPA3,sp,-2.05829,3.35308924e-01
OPA3,sp,-2.04829,4.16403513e-01
OPA3,sp,-2.03829,5.45194205e-01
OPA3,sp,-2.02829,6.64347814e-01
OPA3,sp,-2.01829,6.06259644e-01
OPA3,sp,-2.00829,4.81695454e-01
OPA3,sp,-1.99829,4.08601340e-01
OPA3,sp,-1.98829,3.89928738e-01
OPA3,sp,-1.97829,4.58364927e-01
OPA3,sp,-1.96829,5.78594025e-01
OPA3,sp,-1.95829,7.25968737e-01
OPA3,sp,-1.94829,8.63944587e-01
OPA3,sp,-1.93829,9.13997390e-01
OPA3,sp,-1.92829,8.41824734e-01
OPA3,sp,-1.91829,6.98761150e-01
OPA3,sp,-1.90829,5.52331696e-01
OPA3,sp,-1.89829,4.35004531e-01
OPA3,sp,-1.88829,3.53051590e-01
OPA3,sp,-1.87829,3.05671243e-01
OPA3,sp,-1.86829,2.95972699e-01
OPA3,sp,-1.85829,3.36863387e-01
OPA3,sp,-1.84829,4.46371139e-01
OPA3,sp,-1.83829,5.98744637e-01
OPA3,sp,-1.82829,6.78162920e-01
OPA3,sp,-1.81829,6.39223281e-01
OPA3,sp,-1.80829,5.55915271e-01
OPA3,sp,-1.79829,4.80026797e-01
OPA3,sp,-1.78829,4.25324572e-01
OPA3,sp,-1.77829,3.90340065e-01
OPA3,sp,-1.76829,3.70549330e-01
OPA3,sp,-1.75829,3.62471954e-01
OPA3,sp,-1.74829,3.64026320e-01
OPA3,sp,-1.73829,3.74107722e-01
OPA3,sp,-1.72829,3.92146535e-01
OPA3,sp,-1.71829,4.17671010e-01
OPA3,sp,-1.70829,4.49717977e-01
OPA3,sp,-1.69829,4.86040304e-01
OPA3,sp,-1.68829,5.22145212e-01
OPA3,sp,-1.67829,5.50801363e-01
OPA3,sp,-1.66829,5.63234796e-01
OPA3,sp,-1.65829,5.52781356e-01
OPA3,sp,-1.64829,5.19081990e-01
OPA3,sp,-1.63829,4.68785399e-01
OPA3,sp,-1.62829,4.11722165e-01
OPA3,sp,-1.61829,3.56278739e-01
OPA3,sp,-1.60829,3.07347757e-01
OPA3,sp,-1.59829,2.66741352e-01
OPA3,sp,-1.58829,2.34440988e-01
OPA3,sp,-1.57829,2.09644705e-01
OPA3,sp,-1.56829,1.91393252e-01
OPA3,sp,-1.55829,1.78902979e-01
OPA3,sp,-1.54829,1.71730904e-01
OPA3,sp,-1.53829,1.69878261e-01
OPA3,sp,-1.52829,1.73948961e-01
OPA3,sp,-1.51829,1.85481163e-01
OPA3,sp,-1.50829,2.07663456e-01
OPA3,sp,-1.49829,2.46929105e-01
OPA3,sp,-1.48829,3.16555998e-01
OPA3,sp,-1.47829,4.43709367e-01
OPA3,sp,-1.46829,6.66778877e-01
OPA3,sp,-1.45829,8.86930965e-01
OPA3,sp,-1.44829,6.94436815e-01
OPA3,sp,-1.43829,3.54754507e-01
OPA3,sp,-1.42829,1.74640847e-01
OPA3,sp,-1.41829,9.34527550e-02
OPA3,sp,-1.40829,5.45094117e-02
OPA3,sp,-1.39829,3.41341056e-02
OPA3,sp,-1.38829,2.26502888e-02
OPA3,sp,-1.37829,1.57979136e-02
OPA3,sp,-1.36829,1.15463478e-02
OPA3,sp,-1.35829,8.84379481e-03
OPA3,sp,-1.34829,7.05620305e-03
OPA3,sp,-1.33829,5.73834543e-03
OPA3,sp,-1.32829,4.66581019e-03
OPA3,sp,-1.31829,3.80055962e-03
OPA3,sp,-1.30829,3.12953178e-03
OPA3,sp,-1.29829,2.61762758e-03
OPA3,sp,-1.28829,2.22625373e-03
OPA3,sp,-1.27829,1.92417016e-03
OPA3,sp,-1.26829,1.68846480e-03
OPA3,sp,-1.25829,1.50276000e-03
OPA3,sp,-1.24829,1.35534527e-03
OPA3,sp,-1.23829,1.23777440e-03
OPA3,sp,-1.22829,1.14389497e-03
OPA3,sp,-1.21829,1.06919069e-03
OPA3,sp,-1.20829,1.01033590e-03
OPA3,sp,-1.19829,9.64892961e-04
OPA3,sp,-1.18829,9.31106861e-04
OPA3,sp,-1.17829,9.07768329e-04
OPA3,sp,-1.16829,8.94127353e-04
OPA3,sp,-1.15829,8.89846777e-04
OPA3,sp,-1.14829,8.94991253e-04
OPA3,sp,-1.13829,9.10051739e-04
OPA3,sp,-1.12829,9.36010870e-04
OPA3,sp,-1.11829,9.74460857e-04
OPA3,sp,-1.10829,1.02779450e-03
OPA3,sp,-1.09829,1.09950314e-03
OPA3,sp,-1.08829,1.19463553e-03
OPA3,sp,-1.07829,1.32050052e-03
OPA3,sp,-1.06829,1.48773237e-03
OPA3,sp,-1.05829,1.71185588e-03
OPA3,sp,-1.04829,2.01538086e-03
OPA3,sp,-1.03829,2.42981795e-03
OPA3,sp,-1.02829,2.99451601e-03
OPA3,sp,-1.01829,3.74141889e-03
OPA3,sp,-1.00829,4.63833498e-03
OPA3,sp,-0.99829,5.46743248e-03
OPA3,sp,-0.98829,5.77872087e-03
OPA3,sp,-0.97829,5.27493016e-03
OPA3,sp,-0.96829,4.23952773e-03
OPA3,sp,-0.95829,3.17326244e-03
OPA3,sp,-0.94829,2.32485249e-03
OPA3,sp,-0.93829,1.71470216e-03
OPA3,sp,-0.92829,1.28857811e-03
OPA3,sp,-0.91829,9.90302556e-04
OPA3,sp,-0.90829,7.78348488e-04
OPA3,sp,-0.89829,6.24776086e-04
OPA3,sp,-0.88829,5.11233522e-04
OPA3,sp,-0.87829,4.25635213e-04
OPA3,sp,-0.86829,3.59915130e-04
OPA3,sp,-0.85829,3.08595367e-04
OPA3,sp,-0.84829,2.67886335e-04
OPA3,sp,-0.83829,2.35118272e-04
OPA3,sp,-0.82829,2.08377373e-04
OPA3,sp,-0.81829,1.86269114e-04
OPA3,sp,-0.80829,1.67761690e-04
OPA3,sp,-0.79829,1.52080727e-04
OPA3,sp,-0.78829,1.38637407e-04
OPA3,sp,-0.77829,1.26978722e-04
OPA3,sp,-0.76829,1.16752655e-04
OPA3,sp,-0.75829,1.07683604e-04
OPA3,sp,-0.74829,9.95549178e-05
OPA3,sp,-0.73829,9.21964278e-05
OPA3,sp,-0.72829,8.54755073e-05
OPA3,sp,-0.71829,7.92905589e-05
OPA3,sp,-0.70829,7.35661218e-05
OPA3,sp,-0.69829,6.82489482e-05
OPA3,sp,-0.68829,6.33045491e-05
OPA3,sp,-0.67829,5.87138411e-05
OPA3,sp,-0.66829,5.44696819e-05
OPA3,sp,-0.65829,5.05732452e-05
OPA3,sp,-0.64829,4.70303438e-05
OPA3,sp,-0.63829,4.38479296e-05
OPA3,sp,-0.62829,4.10310550e-05
OPA3,sp,-0.61829,3.85805498e-05
OPA3,sp,-0.60829,3.64915793e-05
OPA3,sp,-0.59829,3.47531117e-05
OPA3,sp,-0.58829,3.33482022e-05
OPA3,sp,-0.57829,3.22549005e-05
OPA3,sp,-0.56829,3.14475545e-05
OPA3,sp,-0.55829,3.08982804e-05
OPA3,sp,-0.54829,3.05784150e-05
OPA3,sp,-0.53829,3.04598150e-05
OPA3,sp,-0.52829,3.05159288e-05
OPA3,sp,-0.51829,3.07226089e-05
OPA3,sp,-0.50829,3.10586706e-05
OPA3,sp,-0.49829,3.15062279e-05
OPA3,sp,-0.48829,3.20508443e-05
OPA3,sp,-0.47829,3.26815490e-05
OPA3,sp,-0.46829,3.33907637e-05
OPA3,sp,-0.45829,3.41741820e-05
OPA3,sp,-0.44829,3.50306416e-05
OPA3,sp,-0.43829,3.59620173e-05
OPA3,sp,-0.42829,3.69731611e-05
OPA3,sp,-0.41829,3.80719062e-05
OPA3,sp,-0.40829,3.92691466e-05
OPA3,sp,-0.39829,4.05789966e-05
OPA3,sp,-0.38829,4.20190262e-05
OPA3,sp,-0.37829,4.36105534e-05
OPA3,sp,-0.36829,4.53789543e-05
OPA3,sp,-0.35829,4.73539173e-05
OPA3,sp,-0.34829,4.95695059e-05
OPA3,sp,-0.33829,5.20638054e-05
OPA3,sp,-0.32829,5.48777846e-05
OPA3,sp,-0.31829,5.80527988e-05
OPA3,sp,-0.30829,6.16258989e-05
OPA3,sp,-0.29829,6.56218410e-05
OPA3,sp,-0.28829,7.00405859e-05
OPA3,sp,-0.27829,7.48394983e-05
OPA3,sp,-0.26829,7.99110613e-05
OPA3,sp,-0.25829,8.50604342e-05
OPA3,sp,-0.24829,8.99926537e-05
OPA3,sp,-0.23829,9.43243832e-05
OPA3,sp,-0.22829,9.76339488e-05
OPA3,sp,-0.21829,9.95491798e-05
OPA3,sp,-0.20829,9.98470439e-05
OPA3,sp,-0.19829,9.85200941e-05
OPA3,sp,-0.18829,9.57745736e-05
OPA3,sp,-0.17829,9.19625300e-05
OPA3,sp,-0.16829,8.74851863e-05
OPA3,sp,-0.15829,8.27102141e-05
OPA3,sp,-0.14829,7.79252865e-05
OPA3,sp,-0.13829,7.33267845e-05
OPA3,sp,-0.12829,6.90306313e-05
OPA3,sp,-0.11829,6.50918884e-05
OPA3,sp,-0.10829,6.15244794e-05
OPA3,sp,-0.09829,5.83171954e-05
OPA3,sp,-0.08829,5.54451780e-05
OPA3,sp,-0.07829,5.28774727e-05
OPA3,sp,-0.06829,5.05816469e-05
OPA3,sp,-0.05829,4.85264008e-05
OPA3,sp,-0.04829,4.66828916e-05
OPA3,sp,-0.03829,4.50252761e-05
OPA3,sp,-0.02829,4.35308022e-05
OPA3,sp,-0.01829,4.21796596e-05
OPA3,sp,-0.00829,4.09547149e-05
OPA3,sp,0.00171,3.98412057e-05
OPA3,sp,0.01171,3.88264329e-05
OPA3,sp,0.02171,3.78943175e-05
OPA3,sp,0.03171,3.70317146e-05
OPA3,sp,0.04171,3.62321638e-05
OPA3,sp,0.05171,3.54897992e-05
OPA3,sp,0.06171,3.47993128e-05
OPA3,sp,0.07171,3.41559144e-05
OPA3,sp,0.08171,3.35552906e-05
OPA3,sp,0.09171,3.29935647e-05
OPA3,sp,0.10171,3.24672579e-05
OPA3,sp,0.11171,3.19732536e-05
OPA3,sp,0.12171,3.15087641e-05
OPA3,sp,0.13171,3.10712997e-05
OPA3,sp,0.14171,3.06586416e-05
OPA3,sp,0.15171,3.02688161e-05
OPA3,sp,0.16171,2.99000723e-05
OPA3,sp,0.17171,2.95508615e-05
OPA3,sp,0.18171,2.92198190e-05
OPA3,sp,0.19171,2.89057472e-05
OPA3,sp,0.20171,2.86076012e-05
OPA3,sp,0.21171,2.83244747e-05
OPA3,sp,0.22171,2.80555887e-05
OPA3,sp,0.23171,2.78002799e-05
OPA3,sp,0.24171,2.75579911e-05
OPA3,sp,0.25171,2.73282627e-05
OPA3,sp,0.26171,2.71107240e-05
OPA3,sp,0.27171,2.69050868e-05
OPA3,sp,0.28171,2.67111383e-05
OPA3,sp,0.29171,2.65287361e-05
OPA3,sp,0.30171,2.63578025e-05
OPA3,sp,0.31171,2.61983210e-05
OPA3,sp,0.32171,2.60503319e-05
OPA3,sp,0.33171,2.59139295e-05
OPA3,sp,0.34171,2.57892600e-05
OPA3,sp,0.35171,2.56765193e-05
OPA3,sp,0.36171,2.55759524e-05
OPA3,sp,0.37171,2.54878528e-05
OPA3,sp,0.38171,2.54125631e-05
OPA3,sp,0.39171,2.53504761e-05
OPA3,sp,0.40171,2.53020367e-05
OPA3,sp,0.41171,2.52677454e-05
OPA3,sp,0.42171,2.52481619e-05
OPA3,sp,0.43171,2.52439106e-05
OPA3,sp,0.44171,2.52556873e-05
OPA3,sp,0.45171,2.52842667e-05
OPA3,sp,0.46171,2.53305130e-05
OPA3,sp,0.47171,2.53953911e-05
OPA3,sp,0.48171,2.54799811e-05
OPA3,sp,0.49171,2.55854951e-05
OPA3,sp,0.50171,2.57132976e-05
OPA3,sp,0.51171,2.58649296e-05
OPA3,sp,0.52171,2.60421368e-05
OPA3,sp,0.53171,2.62469047e-05
OPA3,sp,0.54171,2.64814985e-05
OPA3,sp,0.55171,2.67485125e-05
OPA3,sp,0.56171,2.70509278e-05
OPA3,sp,0.57171,2.73921823e-05
OPA3,sp,0.58171,2.77762539e-05
OPA3,sp,0.59171,2.82077605e-05
OPA3,sp,0.60171,2.86920796e-05
OPA3,sp,0.61171,2.92354925e-05
OPA3,sp,0.62171,2.98453564e-05
OPA3,sp,0.63171,3.05303112e-05
OPA3,sp,0.64171,3.13005267e-05
OPA3,sp,0.65171,3.21679988e-05
OPA3,sp,0.66171,3.31469009e-05
OPA3,sp,0.67171,3.42540026e-05
OPA3,sp,0.68171,3.55091620e-05
OPA3,sp,0.69171,3.69359032e-05
OPA3,sp,0.70171,3.85620853e-05
OPA3,sp,0.71171,4.04206675e-05
OPA3,sp,0.72171,4.25505696e-05
OPA3,sp,0.73171,4.49976148e-05
OPA3,sp,0.74171,4.78155297e-05
OPA3,sp,0.75171,5.10669518e-05
OPA3,sp,0.76171,5.48243671e-05
OPA3,sp,0.77171,5.91708597e-05
OPA3,sp,0.78171,6.42005105e-05
OPA3,sp,0.79171,7.00182356e-05
OPA3,sp,0.80171,7.67388117e-05
OPA3,sp,0.81171,8.44848224e-05
OPA3,sp,0.82171,9.33832902e-05
OPA3,sp,0.83171,1.03560869e-04
OPA3,sp,0.84171,1.15137679e-04
OPA3,sp,0.85171,1.28220180e-04
OPA3,sp,0.86171,1.42893868e-04
OPA3,sp,0.87171,1.59216941e-04
OPA3,sp,0.88171,1.77216341e-04
OPA3,sp,0.89171,1.96887479e-04
OPA3,sp,0.90171,2.18198577e-04
OPA3,sp,0.91171,2.41099739e-04
OPA3,sp,0.92171,2.65535961e-04
OPA3,sp,0.93171,2.91462460e-04
OPA3,sp,0.94171,3.18860288e-04
OPA3,sp,0.95171,3.47750304e-04
OPA3,sp,0.96171,3.78204134e-04
OPA3,sp,0.97171,4.10351554e-04
OPA3,sp,0.98171,4.44384517e-04
OPA3,sp,0.99171,4.80558582e-04
OPA3,sp,1.00171,5.19192738e-04
OPA3,sp,1.01171,5.60668588e-04
OPA3,sp,1.02171,6.05677836e-04
OPA3,sp,1.03171,6.54924326e-04
OPA3,sp,1.04171,7.08901468e-04
OPA3,sp,1.05171,7.68173832e-04
OPA3,sp,1.06171,8.33389233e-04
OPA3,sp,1.07171,9.05293187e-04
OPA3,sp,1.08171,9.84746289e-04
OPA3,sp,1.09171,1.07274516e-03
OPA3,sp,1.10171,1.17044788e-03
OPA3,sp,1.11171,1.27920490e-03
OPA3,sp,1.12171,1.40059698e-03
OPA3,sp,1.13171,1.53648184e-03
OPA3,sp,1.14171,1.68905186e-03
OPA3,sp,1.15171,1.86090607e-03
OPA3,sp,1.16171,2.05514022e-03
OPA3,sp,1.17171,2.27546053e-03
OPA3,sp,1.18171,2.52632819e-03
OPA3,sp,1.19171,2.81314430e-03
OPA3,sp,1.20171,3.14248867e-03
OPA3,sp,1.21171,3.52243062e-03
OPA3,sp,1.22171,3.96293739e-03
OPA3,sp,1.23171,4.47641600e-03
OPA3,sp,1.24171,5.07844009e-03
OPA3,sp,1.25171,5.78873590e-03
OPA3,sp,1.26171,6.63253664e-03
OPA3,sp,1.27171,7.64246794e-03
OPA3,sp,1.28171,8.86121127e-03
OPA3,sp,1.29171,1.03453264e-02
OPA3,sp,1.30171,1.21708330e-02
OPA3,sp,1.31171,1.44415167e-02
OPA3,sp,1.32171,1.73015469e-02
OPA3,sp,1.33171,2.09550831e-02
OPA3,sp,1.34171,2.56974989e-02
OPA3,sp,1.35171,3.19664510e-02
OPA3,sp,1.36171,4.04278111e-02
OPA3,sp,1.37171,5.21245507e-02
OPA3,sp,1.38171,6.87419565e-02
OPA3,sp,1.39171,9.30898252e-02
OPA3,sp,1.40171,1.29977126e-01
OPA3,sp,1.41171,1.87686350e-01
OPA3,sp,1.42171,2.79667455e-01
OPA3,sp,1.43171,4.21913840e-01
OPA3,sp,1.44171,6.06666107e-01
OPA3,sp,1.45171,7.40497370e-01
OPA3,sp,1.46171,7.04293202e-01
OPA3,sp,1.47171,5.54527333e-01
OPA3,sp,1.48171,4.08011741e-01
OPA3,sp,1.49171,3.01569520e-01
OPA3,sp,1.50171,2.29600918e-01
OPA3,sp,1.51171,1.80851707e-01
OPA3,sp,1.52171,1.47019790e-01
OPA3,sp,1.53171,1.22851040e-01
OPA3,sp,1.54171,1.05101488e-01
OPA3,sp,1.55171,9.17423654e-02
OPA3,sp,1.56171,8.14732481e-02
OPA3,sp,1.57171,7.34374450e-02
OPA3,sp,1.58171,6.70553152e-02
OPA3,sp,1.59171,6.19248397e-02
OPA3,sp,1.60171,5.77608691e-02
OPA3,sp,1.61171,5.43570522e-02
OPA3,sp,1.62171,5.15613821e-02
OPA3,sp,1.63171,4.92601185e-02
OPA3,sp,1.64171,4.73669840e-02
OPA3,sp,1.65171,4.58157587e-02
OPA3,sp,1.66171,4.45551093e-02
OPA3,sp,1.67171,4.35449180e-02
OPA3,sp,1.68171,4.27536357e-02
OPA3,sp,1.69171,4.21563466e-02
OPA3,sp,1.70171,4.17333360e-02
OPA3,sp,1.71171,4.14690166e-02
OPA3,sp,1.72171,4.13511171e-02
OPA3,sp,1.73171,4.13700608e-02
OPA3,sp,1.74171,4.15184878e-02
OPA3,sp,1.75171,4.17908829e-02
OPA3,sp,1.76171,4.21832857e-02
OPA3,sp,1.77171,4.26930613e-02
OPA3,sp,1.78171,4.33187203e-02
OPA3,sp,1.79171,4.40597757e-02
OPA3,sp,1.80171,4.49166306e-02
OPA3,sp,1.81171,4.58904899e-02
OPA3,sp,1.82171,4.69832925e-02
OPA3,sp,1.83171,4.81976626e-02
OPA3,sp,1.84171,4.95368756e-02
OPA3,sp,1.85171,5.10048411e-02
OPA3,sp,1.86171,5.26061010e-02
OPA3,sp,1.87171,5.43458435e-02
OPA3,sp,1.88171,5.62299357e-02
OPA3,sp,1.89171,5.82649745e-02
OPA3,sp,1.90171,6.04583594e-02
OPA3,sp,1.91171,6.28183894e-02
OPA3,sp,1.92171,6.53543854e-02
OPA3,sp,1.93171,6.80768432e-02
OPA3,sp,1.94171,7.09976180e-02
OPA3,sp,1.95171,7.41301445e-02
OPA3,sp,1.96171,7.74896968e-02
OPA3,sp,1.97171,8.10936904e-02
OPA3,sp,1.98171,8.49620316e-02
OPA3,sp,1.99171,8.91175202e-02
OPA3,sp,2.00171,9.35863099e-02
OPA3,sp,2.01171,9.83984369e-02
OPA3,sp,2.02171,1.03592117e-01
OPA3,sp,2.03171,1.09206852e-01
OPA3,sp,2.04171,1.15281426e-01
OPA3,sp,2.05171,1.21859629e-01
OPA3,sp,2.06171,1.28991469e-01
OPA3,sp,2.07171,1.36733892e-01
OPA3,sp,2.08171,1.45151979e-01
OPA3,sp,2.09171,1.54320226e-01
OPA3,sp,2.10171,1.64324018e-01
OPA3,sp,2.11171,1.75261304e-01
OPA3,sp,2.12171,1.87244486e-01
OPA3,sp,2.13171,2.00402517e-01
OPA3,sp,2.14171,2.14883185e-01
OPA3,sp,2.15171,2.30855526e-01
OPA3,sp,2.16171,2.48512229e-01
OPA3,sp,2.17171,2.68071826e-01
OPA3,sp,2.18171,2.89780258e-01
OPA3,sp,2.19171,3.13911212e-01
OPA3,sp,2.20171,3.40764216e-01
OPA3,sp,2.21171,3.70658976e-01
OPA3,sp,2.22171,4.03923694e-01
OPA3,sp,2.23171,4.40874108e-01
OPA3,sp,2.24171,4.81778898e-01
OPA3,sp,2.25171,5.26805962e-01
OPA3,sp,2.26171,5.75943681e-01
OPA3,sp,2.27171,6.28892702e-01
OPA3,sp,2.28171,6.84929134e-01
OPA3,sp,2.29171,7.42751948e-01
OPA3,sp,2.30171,8.00347845e-01
OPA3,sp,2.31171,8.54933608e-01
OPA3,sp,2.32171,9.03057507e-01
OPA3,sp,2.33171,9.40933754e-01
OPA3,sp,2.34171,9.65020821e-01
OPA3,sp,2.35171,9.72735173e-01
OPA3,sp,2.36171,9.63071922e-01
OPA3,sp,2.37171,9.36879586e-01
OPA3,sp,2.38171,8.96661877e-01
OPA3,sp,2.39171,8.45991942e-01
OPA3,sp,2.40171,7.88780642e-01
OPA3,sp,2.41171,7.28648208e-01
OPA3,sp,2.42171,6.68538440e-01
OPA3,sp,2.43171,6.10584288e-01
OPA3,sp,2.44171,5.56154461e-01
OPA3,sp,2.45171,5.05993240e-01
OPA3,sp,2.46171,4.60385102e-01
OPA3,sp,2.47171,4.19304641e-01
OPA3,sp,2.48171,3.82535768e-01
OPA3,sp,2.49171,3.49758298e-01
OPA3,sp,2.50171,3.20606615e-01
OPA3,sp,2.51171,2.94706968e-01
OPA3,sp,2.52171,2.71699588e-01
OPA3,sp,2.53171,2.51250590e-01
OPA3,sp,2.54171,2.33057315e-01
OPA3,sp,2.55171,2.16849658e-01
OPA3,sp,2.56171,2.02389069e-01
OPA3,sp,2.57171,1.89466329e-01
OPA3,sp,2.58171,1.77898772e-01
OPA3,sp,2.59171,1.67527353e-01
OPA3,sp,2.60171,1.58213809e-01
OPA3,sp,2.61171,1.49838019e-01
OPA3,sp,2.62171,1.42295621e-01
OPA3,sp,2.63171,1.35495905e-01
OPA3,sp,2.64171,1.29359968e-01
OPA3,sp,2.65171,1.23819112e-01
OPA3,sp,2.66171,1.18813469e-01
OPA3,sp,2.67171,1.14290809e-01
OPA3,sp,2.68171,1.10205532e-01
OPA3,sp,2.69171,1.06517795e-01
OPA3,sp,2.70171,1.03192775e-01
OPA3,sp,2.71171,1.00200032e-01
OPA3,sp,2.72171,9.75129782e-02
OPA3,sp,2.73171,9.51084630e-02
OPA3,sp,2.74171,9.34738841e-02
OPA3,sp,2.75171,9.10688923e-02
OPA3,sp,2.76171,8.94005762e-02
OPA3,sp,2.77171,8.79489457e-02
OPA3,sp,2.78171,8.67027523e-02
OPA3,sp,2.79171,8.56526520e-02
OPA3,sp,2.80171,8.47909522e-02
OPA3,sp,2.81171,8.41114886e-02
OPA3,sp,2.82171,8.36095358e-02
OPA3,sp,2.83171,8.32817418e-02
OPA3,sp,2.84171,8.31260837e-02
OPA3,sp,2.85171,8.31418426e-02
OPA3,sp,2.86171,8.33295991e-02
OPA3,sp,2.87171,8.36912476e-02
OPA3,sp,2.88171,8.42300294e-02
OPA3,sp,2.89171,8.49505887e-02
OPA3,sp,2.90171,8.58590483e-02
OPA3,sp,2.91171,8.69631112e-02
OPA3,sp,2.92171,8.82721878e-02
OPA3,sp,2.93171,8.97975535e-02
OPA3,sp,2.94171,9.15525405e-02
OPA3,sp,2.95171,9.35527684e-02
OPA3,sp,2.96171,9.58164204e-02
OPA3,sp,2.97171,9.83645725e-02
OPA3,sp,2.98171,1.01221585e-01
OPA3,sp,2.99171,1.04415567e-01
OPA3,sp,3.00171,1.07978927e-01
OPA3,sp,3.01171,1.11949030e-01
OPA3,sp,3.02171,1.16359304e-01
OPA3,sp,3.03171,1.21248315e-01
OPA3,sp,3.04171,1.26670953e-01
OPA3,sp,3.05171,1.32690651e-01
OPA3,sp,3.06171,1.39380874e-01
OPA3,sp,3.07171,1.46826886e-01
OPA3,sp,3.08171,1.55127854e-01
OPA3,sp,3.09171,1.64399351e-01
OPA3,sp,3.10171,1.74776314e-01
OPA3,sp,3.11171,1.86416510e-01
OPA3,sp,3.12171,1.99504559e-01
OPA3,sp,3.13171,2.14256508e-01
OPA3,sp,3.14171,2.30924868e-01
OPA3,sp,3.15171,2.49803929e-01
OPA3,sp,3.16171,2.71241806e-01
OPA3,sp,3.17171,2.95606190e-01
OPA3,sp,3.18171,3.23363518e-01
OPA3,sp,3.19171,3.54991482e-01
OPA3,sp,3.20171,3.91003757e-01
OPA3,sp,3.21171,4.31903220e-01
OPA3,sp,3.22171,4.78111622e-01
OPA3,sp,3.23171,5.29849549e-01
OPA3,sp,3.24171,5.86947438e-01
OPA3,sp,3.25171,6.48574366e-01
OPA3,sp,3.26171,7.12896960e-01
OPA3,sp,3.27171,7.76740594e-01
OPA3,sp,3.28171,8.35422364e-01
OPA3,sp,3.29171,8.83018907e-01
OPA3,sp,3.30171,9.13305046e-01
OPA3,sp,3.31171,9.21312527e-01
OPA3,sp,3.32171,9.04958655e-01
OPA3,sp,3.33171,8.65882421e-01
OPA3,sp,3.34171,8.08950179e-01
OPA3,sp,3.35171,7.40709715e-01
OPA3,sp,3.36171,6.67649228e-01
OPA3,sp,3.37171,5.95001440e-01
OPA3,sp,3.38171,5.26308849e-01
OPA3,sp,3.39171,4.63551640e-01
OPA3,sp,3.40171,4.07529433e-01
OPA3,sp,3.41171,3.58270935e-01
OPA3,sp,3.42171,3.15365547e-01
OPA3,sp,3.43171,2.78193444e-01
OPA3,sp,3.44171,2.46068635e-01
OPA3,sp,3.45171,2.18319501e-01
OPA3,sp,3.46171,1.94328923e-01
OPA3,sp,3.47171,1.73550255e-01
OPA3,sp,3.48171,1.55509887e-01
OPA3,sp,3.49171,1.39802995e-01
OPA3,sp,3.50171,1.26086307e-01
OPA3,sp,3.51171,1.14070028e-01
OPA3,sp,3.52171,1.03509981e-01
OPA3,sp,3.53171,9.42004729e-02
OPA3,sp,3.54171,8.59680762e-02
OPA3,sp,3.55171,7.86663095e-02
OPA3,sp,3.56171,7.21711696e-02
OPA3,sp,3.57171,6.63774025e-02
OPA3,sp,3.58171,6.11954089e-02
OPA3,sp,3.59171,5.65486839e-02
OPA3,sp,3.60171,5.23717000e-02
OPA3,sp,3.61171,4.86081556e-02
OPA3,sp,3.62171,4.52095257e-02
OPA3,sp,3.63171,4.21338594e-02
OPA3,sp,3.64171,3.93447804e-02
OPA3,sp,3.65171,3.68106540e-02
OPA3,sp,3.66171,3.45038917e-02
OPA3,sp,3.67171,3.24003673e-02
OPA3,sp,3.68171,3.04789273e-02
OPA3,sp,3.69171,2.87209777e-02
OPA3,sp,3.70171,2.71101344e-02
OPA3,sp,3.71171,2.56319269e-02
OPA3,sp,3.72171,2.42735466e-02
OPA3,sp,3.73171,2.30236315e-02
OPA3,sp,3.74171,2.18720824e-02
OPA3,sp,3.75171,2.08099049e-02
OPA3,sp,3.76171,1.98290739e-02
OPA3,sp,3.77171,1.89224163e-02
OPA3,sp,3.78171,1.80835096e-02
OPA3,sp,3.79171,1.73065948e-02
OPA3,sp,3.80171,1.65864992e-02
OPA3,sp,3.81171,1.59185706e-02
OPA3,sp,3.82171,1.52986194e-02
OPA3,sp,3.83171,1.47228673e-02
OPA3,sp,3.84171,1.41879036e-02
OPA3,sp,3.85171,1.36906458e-02
OPA3,sp,3.86171,1.32283054e-02
OPA3,sp,3.87171,1.27983576e-02
OPA3,sp,3.88171,1.23985150e-02
OPA3,sp,3.89171,1.20267035e-02
OPA3,sp,3.90171,1.16810420e-02
OPA3,sp,3.91171,1.13598236e-02
OPA3,sp,3.92171,1.10614995e-02
OPA3,sp,3.93171,1.07846643e-02
OPA3,sp,3.94171,1.05280434e-02
OPA3,sp,3.95171,1.02904813e-02
OPA3,sp,3.96171,1.00709318e-02
OPA3,sp,3.97171,9.86844895e-03
OPA3,sp,3.98171,9.68217957e-03
OPA3,sp,3.99171,9.51135611e-03
OPA3,sp,4.00171,9.35529113e-03
OPA3,sp,4.01171,9.21337242e-03
OPM3,sp3,-4.94047,2.91985205e-06
OPM3,sp3,-4.93047,2.46042816e-06
OPM3,sp3,-4.92047,2.07155534e-06
OPM3,sp3,-4.91047,1.73488680e-06
OPM3,sp3,-4.90047,1.43672830e-06
OPM3,sp3,-4.89047,1.16662225e-06
OPM3,sp3,-4.88047,9.16591319e-07
OPM3,sp3,-4.87047,6.81109174e-07
OPM3,sp3,-4.86047,4.58438682e-07
OPM3,sp3,-4.85047,2.55698128e-07
OPM3,sp3,-4.84047,1.06614585e-07
OPM3,sp3,-4.83047,1.42725703e-07
OPM3,sp3,-4.82047,9.70913543e-07
OPM3,sp3,-4.81047,7.15250057e-06
OPM3,sp3,-4.80047,2.44855731e-04
OPM3,sp3,-4.79047,6.88398839e-05
OPM3,sp3,-4.78047,1.63986300e-05
OPM3,sp3,-4.77047,8.08966961e-06
OPM3,sp3,-4.76047,1.90367712e-06
OPM3,sp3,-4.75047,3.97949108e-07
OPM3,sp3,-4.74047,3.15565522e-06
OPM3,sp3,-4.73047,3.04224123e-06
OPM3,sp3,-4.72047,2.81220355e-06
OPM3,sp3,-4.71047,2.63492178e-06
OPM3,sp3,-4.70047,2.53476220e-06
OPM3,sp3,-4.69047,2.53274450e-06
OPM3,sp3,-4.68047,2.68177734e-06
OPM3,sp3,-4.67047,3.12903652e-06
OPM3,sp3,-4.66047,4.14882476e-06
OPM3,sp3,-4.65047,4.41153432e-05
OPM3,sp3,-4.64047,9.28151050e-09
OPM3,sp3,-4.63047,7.47162994e-05
OPM3,sp3,-4.62047,1.24040769e-05
OPM3,sp3,-4.61047,2.46653807e-04
OPM3,sp3,-4.60047,5.60738555e-05
OPM3,sp3,-4.59047,1.11708628e-05
OPM3,sp3,-4.58047,4.80954009e-06
OPM3,sp3,-4.57047,2.11027094e-06
OPM3,sp3,-4.56047,1.38672452e-06
OPM3,sp3,-4.55047,2.66902408e-04
OPM3,sp3,-4.54047,9.37332730e-08
OPM3,sp3,-4.53047,1.54777445e-06
OPM3,sp3,-4.52047,2.29157152e-06
OPM3,sp3,-4.51047,6.71234298e-03
OPM3,sp3,-4.50047,6.22307316e-06
OPM3,sp3,-4.49047,3.00053607e-06
OPM3,sp3,-4.48047,2.12280583e-06
OPM3,sp3,-4.47047,1.65298097e-06
OPM3,sp3,-4.46047,1.31050554e-06
OPM3,sp3,-4.45047,1.01164037e-06
OPM3,sp3,-4.44047,7.18481413e-07
OPM3,sp3,-4.43047,4.06582849e-07
OPM3,sp3,-4.42047,5.42051515e-08
OPM3,sp3,-4.41047,3.63750006e-07
OPM3,sp3,-4.40047,8.83144949e-07
OPM3,sp3,-4.39047,1.56891646e-06
OPM3,sp3,-4.38047,2.59255840e-06
OPM3,sp3,-4.37047,4.86992436e-06
OPM3,sp3,-4.36047,4.82646440e-05
OPM3,sp3,-4.35047,1.59616379e-05
OPM3,sp3,-4.34047,1.10491396e-05
OPM3,sp3,-4.33047,1.37147720e-05
OPM3,sp3,-4.32047,1.89928406e-05
OPM3,sp3,-4.31047,2.78278056e-05
OPM3,sp3,-4.30047,4.31658224e-05
OPM3,sp3,-4.29047,7.23088075e-05
OPM3,sp3,-4.28047,1.36456638e-04
OPM3,sp3,-4.27047,3.18665840e-04
OPM3,sp3,-4.26047,1.21818682e-03
OPM3,sp3,-4.25047,7.90600847e-02
OPM3,sp3,-4.24047,2.46096728e-03
OPM3,sp3,-4.23047,5.75874359e-04
OPM3,sp3,-4.22047,2.65649236e-04
OPM3,sp3,-4.21047,1.59702084e-04
OPM3,sp3,-4.20047,1.11264094e-04
OPM3,sp3,-4.19047,8.58419001e-05
OPM3,sp3,-4.18047,7.23467482e-05
OPM3,sp3,-4.17047,6.76276325e-05
OPM3,sp3,-4.16047,7.54227367e-05
OPM3,sp3,-4.15047,1.30714869e-04
OPM3,sp3,-4.14047,1.66649152e-03
OPM3,sp3,-4.13047,2.78148693e-04
OPM3,sp3,-4.12047,6.47831760e-05
OPM3,sp3,-4.11047,3.86126854e-05
OPM3,sp3,-4.10047,3.04684633e-05
OPM3,sp3,-4.09047,2.70412962e-05
OPM3,sp3,-4.08047,2.56559851e-05
OPM3,sp3,-4.07047,2.56650321e-05
OPM3,sp3,-4.06047,2.71924867e-05
OPM3,sp3,-4.05047,3.11560991e-05
OPM3,sp3,-4.04047,4.03339479e-05
OPM3,sp3,-4.03047,6.42238876e-05
OPM3,sp3,-4.02047,1.50617840e-04
OPM3,sp3,-4.01047,9.65107130e-04
OPM3,sp3,-4.00047,4.12975858e-03
OPM3,sp3,-3.99047,3.24955477e-04
OPM3,sp3,-3.98047,1.36799986e-04
OPM3,sp3,-3.97047,8.84012901e-05
OPM3,sp3,-3.96047,6.97018125e-05
OPM3,sp3,-3.95047,6.16260985e-05
OPM3,sp3,-3.94047,5.88338055e-05
OPM3,sp3,-3.93047,5.96429512e-05
OPM3,sp3,-3.92047,6.39371991e-05
OPM3,sp3,-3.91047,7.29826354e-05
OPM3,sp3,-3.90047,9.06986489e-05
OPM3,sp3,-3.89047,1.29303315e-04
OPM3,sp3,-3.88047,2.41265356e-04
OPM3,sp3,-3.87047,9.36020278e-04
OPM3,sp3,-3.86047,1.85970038e-02
OPM3,sp3,-3.85047,3.88432823e-04
OPM3,sp3,-3.84047,1.28434936e-04
OPM3,sp3,-3.83047,7.85968508e-05
OPM3,sp3,-3.82047,6.42104726e-05
OPM3,sp3,-3.81047,6.08227775e-05
OPM3,sp3,-3.80047,6.23334066e-05
OPM3,sp3,-3.79047,6.68039251e-05
OPM3,sp3,-3.78047,7.36234419e-05
OPM3,sp3,-3.77047,8.27408635e-05
OPM3,sp3,-3.76047,9.44290786e-05
OPM3,sp3,-3.75047,1.09228830e-04
OPM3,sp3,-3.74047,1.27977732e-04
OPM3,sp3,-3.73047,1.51904858e-04
OPM3,sp3,-3.72047,1.82804770e-04
OPM3,sp3,-3.71047,2.23334760e-04
OPM3,sp3,-3.70047,2.77525898e-04
OPM3,sp3,-3.69047,3.51690864e-04
OPM3,sp3,-3.68047,4.56113188e-04
OPM3,sp3,-3.67047,6.08379337e-04
OPM3,sp3,-3.66047,8.40444028e-04
OPM3,sp3,-3.65047,1.21503822e-03
OPM3,sp3,-3.64047,1.86854263e-03
OPM3,sp3,-3.63047,3.14240934e-03
OPM3,sp3,-3.62047,6.09065018e-03
OPM3,sp3,-3.61047,1.53240108e-02
OPM3,sp3,-3.60047,7.25836063e-02
OPM3,sp3,-3.59047,5.52282030e-01
OPM3,sp3,-3.58047,5.02897327e-02
OPM3,sp3,-3.57047,1.85138929e-02
OPM3,sp3,-3.56047,1.22533832e-02
OPM3,sp3,-3.55047,1.31044847e-02
OPM3,sp3,-3.54047,2.64745912e-02
OPM3,sp3,-3.53047,1.98439009e-01
OPM3,sp3,-3.52047,1.60140413e-01
OPM3,sp3,-3.51047,2.80764192e-02
OPM3,sp3,-3.50047,1.29686439e-02
OPM3,sp3,-3.49047,8.42390722e-03
OPM3,sp3,-3.48047,6.52293984e-03
OPM3,sp3,-3.47047,5.65785978e-03
OPM3,sp3,-3.46047,5.36026608e-03
OPM3,sp3,-3.45047,5.50699565e-03
OPM3,sp3,-3.44047,6.15773900e-03
OPM3,sp3,-3.43047,7.56226228e-03
OPM3,sp3,-3.42047,1.01909346e-02
OPM3,sp3,-3.41047,1.41261030e-02
OPM3,sp3,-3.40047,1.66971755e-02
OPM3,sp3,-3.39047,1.57238923e-02
OPM3,sp3,-3.38047,1.47202254e-02
OPM3,sp3,-3.37047,1.58453600e-02
OPM3,sp3,-3.36047,1.98841880e-02
OPM3,sp3,-3.35047,2.88630828e-02
OPM3,sp3,-3.34047,4.93240272e-02
OPM3,sp3,-3.33047,1.06081793e-01
OPM3,sp3,-3.32047,3.30934022e-01
OPM3,sp3,-3.31047,8.91177394e-01
OPM3,sp3,-3.30047,3.10678475e-01
OPM3,sp3,-3.29047,1.19008568e-01
OPM3,sp3,-3.28047,6.44957139e-02
OPM3,sp3,-3.27047,4.30235695e-02
OPM3,sp3,-3.26047,3.29115248e-02
OPM3,sp3,-3.25047,2.78498344e-02
OPM3,sp3,-3.24047,2.55572800e-02
OPM3,sp3,-3.23047,2.51449668e-02
OPM3,sp3,-3.22047,2.63713723e-02
OPM3,sp3,-3.21047,2.97628163e-02
OPM3,sp3,-3.20047,1.04928585e-01
OPM3,sp3,-3.19047,4.28172200e-02
OPM3,sp3,-3.18047,5.49963473e-02
OPM3,sp3,-3.17047,7.54023086e-02
OPM3,sp3,-3.16047,1.09392244e-01
OPM3,sp3,-3.15047,1.67215066e-01
OPM3,sp3,-3.14047,2.65539556e-01
OPM3,sp3,-3.13047,4.21091209e-01
OPM3,sp3,-3.12047,6.16881836e-01
OPM3,sp3,-3.11047,7.69888331e-01
OPM3,sp3,-3.10047,8.20811380e-01
OPM3,sp3,-3.09047,8.11927143e-01
OPM3,sp3,-3.08047,8.00013870e-01
OPM3,sp3,-3.07047,8.01455611e-01
OPM3,sp3,-3.06047,8.01516406e-01
OPM3,sp3,-3.05047,7.79724706e-01
OPM3,sp3,-3.04047,7.35572437e-01
OPM3,sp3,-3.03047,6.84200242e-01
OPM3,sp3,-3.02047,6.36462584e-01
OPM3,sp3,-3.01047,5.93178838e-01
OPM3,sp3,-3.00047,5.49400460e-01
OPM3,sp3,-2.99047,5.00372938e-01
OPM3,sp3,-2.98047,4.45991565e-01
OPM3,sp3,-2.97047,3.91071859e-01
OPM3,sp3,-2.96047,3.41802001e-01
OPM3,sp3,-2.95047,3.02462110e-01
OPM3,sp3,-2.94047,2.74852136e-01
OPM3,sp3,-2.93047,2.59500140e-01
OPM3,sp3,-2.92047,2.57227457e-01
OPM3,sp3,-2.91047,2.70906073e-01
OPM3,sp3,-2.90047,3.08577926e-01
OPM3,sp3,-2.89047,3.91601912e-01
OPM3,sp3,-2.88047,5.75974756e-01
OPM3,sp3,-2.87047,9.25824893e-01
OPM3,sp3,-2.86047,9.30671124e-01
OPM3,sp3,-2.85047,5.24866856e-01
OPM3,sp3,-2.84047,3.36781095e-01
OPM3,sp3,-2.83047,2.75782769e-01
OPM3,sp3,-2.82047,2.66565756e-01
OPM3,sp3,-2.81047,2.90625019e-01
OPM3,sp3,-2.80047,3.58208987e-01
OPM3,sp3,-2.79047,5.16039201e-01
OPM3,sp3,-2.78047,8.10967224e-01
OPM3,sp3,-2.77047,6.84122581e-01
OPM3,sp3,-2.76047,2.90794501e-01
OPM3,sp3,-2.75047,1.50775634e-01
OPM3,sp3,-2.74047,1.06491423e-01
OPM3,sp3,-2.73047,9.21082403e-02
OPM3,sp3,-2.72047,8.99818799e-02
OPM3,sp3,-2.71047,9.52843082e-02
OPM3,sp3,-2.70047,1.07092519e-01
OPM3,sp3,-2.69047,1.26003807e-01
OPM3,sp3,-2.68047,1.53640379e-01
OPM3,sp3,-2.67047,1.93153127e-01
OPM3,sp3,-2.66047,2.50860773e-01
OPM3,sp3,-2.65047,3.39597583e-01
OPM3,sp3,-2.64047,4.83816794e-01
OPM3,sp3,-2.63047,7.15197096e-01
OPM3,sp3,-2.62047,9.83918138e-01
OPM3,sp3,-2.61047,1.06040044e+00
OPM3,sp3,-2.60047,1.25044236e+00
OPM3,sp3,-2.59047,3.75814670e-01
OPM3,sp3,-2.58047,2.04605686e-01
OPM3,sp3,-2.57047,1.27037511e-01
OPM3,sp3,-2.56047,8.59522252e-02
OPM3,sp3,-2.55047,6.24848970e-02
OPM3,sp3,-2.54047,4.85394037e-02
OPM3,sp3,-2.53047,4.03311881e-02
OPM3,sp3,-2.52047,3.60695646e-02
OPM3,sp3,-2.51047,3.49205837e-02
OPM3,sp3,-2.50047,3.62864372e-02
OPM3,sp3,-2.49047,3.93858474e-02
OPM3,sp3,-2.48047,4.38402708e-02
OPM3,sp3,-2.47047,5.04623038e-02
OPM3,sp3,-2.46047,6.19601081e-02
OPM3,sp3,-2.45047,8.98058995e-02
OPM3,sp3,-2.44047,1.65590606e-01
OPM3,sp3,-2.43047,2.06959758e-01
OPM3,sp3,-2.42047,8.24840611e-02
OPM3,sp3,-2.41047,2.97692575e-02
OPM3,sp3,-2.40047,1.70998424e-02
OPM3,sp3,-2.39047,1.39602448e-02
OPM3,sp3,-2.38047,1.43597566e-02
OPM3,sp3,-2.37047,1.74255783e-02
OPM3,sp3,-2.36047,2.41532974e-02
OPM3,sp3,-2.35047,3.76253592e-02
OPM3,sp3,-2.34047,6.49391718e-02
OPM3,sp3,-2.33047,1.20090229e-01
OPM3,sp3,-2.32047,2.18876808e-01
OPM3,sp3,-2.31047,3.45500697e-01
OPM3,sp3,-2.30047,4.41726436e-01
OPM3,sp3,-2.29047,4.85457882e-01
OPM3,sp3,-2.28047,4.99657427e-01
OPM3,sp3,-2.27047,5.05057776e-01
OPM3,sp3,-2.26047,5.11600677e-01
OPM3,sp3,-2.25047,5.24232357e-01
OPM3,sp3,-2.24047,5.46222188e-01
OPM3,sp3,-2.23047,5.80568827e-01
OPM3,sp3,-2.22047,6.35933319e-01
OPM3,sp3,-2.21047,7.91738240e-01
OPM3,sp3,-2.20047,1.03179053e+00
OPM3,sp3,-2.19047,7.33630421e-01
OPM3,sp3,-2.18047,8.41602143e-01
OPM3,sp3,-2.17047,9.11460398e-01
OPM3,sp3,-2.16047,9.53200186e-01
OPM3,sp3,-2.15047,9.63997423e-01
OPM3,sp3,-2.14047,9.47448212e-01
OPM3,sp3,-2.13047,9.12695639e-01
OPM3,sp3,-2.12047,8.70189513e-01
OPM3,sp3,-2.11047,8.28182267e-01
OPM3,sp3,-2.10047,7.91523388e-01
OPM3,sp3,-2.09047,7.62093919e-01
OPM3,sp3,-2.08047,7.39850808e-01
OPM3,sp3,-2.07047,7.23732625e-01
OPM3,sp3,-2.06047,7.12160543e-01
OPM3,sp3,-2.05047,7.03305658e-01
OPM3,sp3,-2.04047,6.94758970e-01
OPM3,sp3,-2.03047,6.83573272e-01
OPM3,sp3,-2.02047,6.67297230e-01
OPM3,sp3,-2.01047,6.44712780e-01
OPM3,sp3,-2.00047,6.16030631e-01
OPM3,sp3,-1.99047,5.82648612e-01
OPM3,sp3,-1.98047,5.46601887e-01
OPM3,sp3,-1.97047,5.09967444e-01
OPM3,sp3,-1.96047,4.74453195e-01
OPM3,sp3,-1.95047,4.41240483e-01
OPM3,sp3,-1.94047,4.11015130e-01
OPM3,sp3,-1.93047,3.84127302e-01
OPM3,sp3,-1.92047,3.60646914e-01
OPM3,sp3,-1.91047,3.40450071e-01
OPM3,sp3,-1.90047,3.23345234e-01
OPM3,sp3,-1.89047,3.09110218e-01
OPM3,sp3,-1.88047,2.97513300e-01
OPM3,sp3,-1.87047,2.88325676e-01
OPM3,sp3,-1.86047,2.81329278e-01
OPM3,sp3,-1.85047,2.76321858e-01
OPM3,sp3,-1.84047,2.73120228e-01
OPM3,sp3,-1.83047,2.71562166e-01
OPM3,sp3,-1.82047,2.71507357e-01
OPM3,sp3,-1.81047,2.72837749e-01
OPM3,sp3,-1.80047,2.75457610e-01
OPM3,sp3,-1.79047,2.79293513e-01
OPM3,sp3,-1.78047,2.84294429e-01
OPM3,sp3,-1.77047,2.90431999e-01
OPM3,sp3,-1.76047,2.97701039e-01
OPM3,sp3,-1.75047,3.06120281e-01
OPM3,sp3,-1.74047,3.15733341e-01
OPM3,sp3,-1.73047,3.26609885e-01
OPM3,sp3,-1.72047,3.38846968e-01
OPM3,sp3,-1.71047,3.52570475e-01
OPM3,sp3,-1.70047,3.67936578e-01
OPM3,sp3,-1.69047,3.85133005e-01
OPM3,sp3,-1.68047,4.04379781e-01
OPM3,sp3,-1.67047,4.25928869e-01
OPM3,sp3,-1.66047,4.50061703e-01
OPM3,sp3,-1.65047,4.77083073e-01
OPM3,sp3,-1.64047,5.07308919e-01
OPM3,sp3,-1.63047,5.41044419e-01
OPM3,sp3,-1.62047,5.78547220e-01
OPM3,sp3,-1.61047,6.19969012e-01
OPM3,sp3,-1.60047,6.65267450e-01
OPM3,sp3,-1.59047,7.14081221e-01
OPM3,sp3,-1.58047,7.65566609e-01
OPM3,sp3,-1.57047,8.18208622e-01
OPM3,sp3,-1.56047,8.69647864e-01
OPM3,sp3,-1.55047,9.16605121e-01
OPM3,sp3,-1.54047,9.55023036e-01
OPM3,sp3,-1.53047,9.80538448e-01
OPM3,sp3,-1.52047,9.89299553e-01
OPM3,sp3,-1.51047,9.78942966e-01
OPM3,sp3,-1.50047,9.49352237e-01
OPM3,sp3,-1.49047,9.02816191e-01
OPM3,sp3,-1.48047,8.43473607e-01
OPM3,sp3,-1.47047,7.76300331e-01
OPM3,sp3,-1.46047,7.06081972e-01
OPM3,sp3,-1.45047,6.36714417e-01
OPM3,sp3,-1.44047,5.70929394e-01
OPM3,sp3,-1.43047,5.10349578e-01
OPM3,sp3,-1.42047,4.55714239e-01
OPM3,sp3,-1.41047,4.07145436e-01
OPM3,sp3,-1.40047,3.64382032e-01
OPM3,sp3,-1.39047,3.26955854e-01
OPM3,sp3,-1.38047,2.94310898e-01
OPM3,sp3,-1.37047,2.65877135e-01
OPM3,sp3,-1.36047,2.41112144e-01
OPM3,sp3,-1.35047,2.19521672e-01
OPM3,sp3,-1.34047,2.00667322e-01
OPM3,sp3,-1.33047,1.84166853e-01
OPM3,sp3,-1.32047,1.69690619e-01
OPM3,sp3,-1.31047,1.56956262e-01
OPM3,sp3,-1.30047,1.45722881e-01
OPM3,sp3,-1.29047,1.35785347e-01
OPM3,sp3,-1.28047,1.26969084e-01
OPM3,sp3,-1.27047,1.19125444e-01
OPM3,sp3,-1.26047,1.12127705e-01
OPM3,sp3,-1.25047,1.05867652e-01
OPM3,sp3,-1.24047,1.00252687e-01
OPM3,sp3,-1.23047,9.52034004e-02
OPM3,sp3,-1.22047,9.06515387e-02
OPM3,sp3,-1.21047,8.65383048e-02
OPM3,sp3,-1.20047,8.28129425e-02
OPM3,sp3,-1.19047,7.94315536e-02
OPM3,sp3,-1.18047,7.63561119e-02
OPM3,sp3,-1.17047,7.35536380e-02
OPM3,sp3,-1.16047,7.09955092e-02
OPM3,sp3,-1.15047,6.86568794e-02
OPM3,sp3,-1.14047,6.65161908e-02
OPM3,sp3,-1.13047,6.45547604e-02
OPM3,sp3,-1.12047,6.27564292e-02
OPM3,sp3,-1.11047,6.11072616e-02
OPM3,sp3,-1.10047,5.95952877e-02
OPM3,sp3,-1.09047,5.82102798e-02
OPM3,sp3,-1.08047,5.69435592e-02
OPM3,sp3,-1.07047,5.57878261e-02
OPM3,sp3,-1.06047,5.47370125e-02
OPM3,sp3,-1.05047,5.37861516e-02
OPM3,sp3,-1.04047,5.29312657e-02
OPM3,sp3,-1.03047,5.21692677e-02
OPM3,sp3,-1.02047,5.14978769e-02
OPM3,sp3,-1.01047,5.09155491e-02
OPM3,sp3,-1.00047,5.04214176e-02
OPM3,sp3,-0.99047,5.00152483e-02
OPM3,sp3,-0.98047,4.96974056e-02
OPM3,sp3,-0.97047,4.94688309e-02
OPM3,sp3,-0.96047,4.93310322e-02
OPM3,sp3,-0.95047,4.92860851e-02
OPM3,sp3,-0.94047,4.93366458e-02
OPM3,sp3,-0.93047,4.94872799e-02
OPM3,sp3,-0.92047,4.97438024e-02
OPM3,sp3,-0.91047,5.01116301e-02
OPM3,sp3,-0.90047,5.05968401e-02
OPM3,sp3,-0.89047,5.12062796e-02
OPM3,sp3,-0.88047,5.19476909e-02
OPM3,sp3,-0.87047,5.28298551e-02
OPM3,sp3,-0.86047,5.38627545e-02
OPM3,sp3,-0.85047,5.50577580e-02
OPM3,sp3,-0.84047,5.64278342e-02
OPM3,sp3,-0.83047,5.79877949e-02
OPM3,sp3,-0.82047,5.97545773e-02
OPM3,sp3,-0.81047,6.17475707e-02
OPM3,sp3,-0.80047,6.39889964e-02
OPM3,sp3,-0.79047,6.65043523e-02
OPM3,sp3,-0.78047,6.93229329e-02
OPM3,sp3,-0.77047,7.24784410e-02
OPM3,sp3,-0.76047,7.60097081e-02
OPM3,sp3,-0.75047,7.99615453e-02
OPM3,sp3,-0.74047,8.43857495e-02
OPM3,sp3,-0.73047,8.93422938e-02
OPM3,sp3,-0.72047,9.49007344e-02
OPM3,sp3,-0.71047,1.01141866e-01
OPM3,sp3,-0.70047,1.08159648e-01
OPM3,sp3,-0.69047,1.16063407e-01
OPM3,sp3,-0.68047,1.24980261e-01
OPM3,sp3,-0.67047,1.35057605e-01
OPM3,sp3,-0.66047,1.46465306e-01
OPM3,sp3,-0.65047,1.59396901e-01
OPM3,sp3,-0.64047,1.74068534e-01
OPM3,sp3,-0.63047,1.90713471e-01
OPM3,sp3,-0.62047,2.09568765e-01
OPM3,sp3,-0.61047,2.30848902e-01
OPM3,sp3,-0.60047,2.54699282e-01
OPM3,sp3,-0.59047,2.81120924e-01
OPM3,sp3,-0.58047,3.09858829e-01
OPM3,sp3,-0.57047,3.40254084e-01
OPM3,sp3,-0.56047,3.71080191e-01
OPM3,sp3,-0.55047,4.00421825e-01
OPM3,sp3,-0.54047,4.25700794e-01
OPM3,sp3,-0.53047,4.43971835e-01
OPM3,sp3,-0.52047,4.52535712e-01
OPM3,sp3,-0.51047,4.49721431e-01
OPM3,sp3,-0.50047,4.35483414e-01
OPM3,sp3,-0.49047,4.11464502e-01
OPM3,sp3,-0.48047,3.80472307e-01
OPM3,sp3,-0.47047,3.45667777e-01
OPM3,sp3,-0.46047,3.09863127e-01
OPM3,sp3,-0.45047,2.75149105e-01
OPM3,sp3,-0.44047,2.42839104e-01
OPM3,sp3,-0.43047,2.13600107e-01
OPM3,sp3,-0.42047,1.87643020e-01
OPM3,sp3,-0.41047,1.64896806e-01
OPM3,sp3,-0.40047,1.45138627e-01
OPM3,sp3,-0.39047,1.28079419e-01
OPM3,sp3,-0.38047,1.13414727e-01
OPM3,sp3,-0.37047,1.00851984e-01
OPM3,sp3,-0.36047,9.01232169e-02
OPM3,sp3,-0.35047,8.09894525e-02
OPM3,sp3,-0.34047,7.32407318e-02
OPM3,sp3,-0.33047,6.66940447e-02
OPM3,sp3,-0.32047,6.11904354e-02
OPM3,sp3,-0.31047,5.65919218e-02
OPM3,sp3,-0.30047,5.27785265e-02
OPM3,sp3,-0.29047,4.96455457e-02
OPM3,sp3,-0.28047,4.71010933e-02
OPM3,sp3,-0.27047,4.50639283e-02
OPM3,sp3,-0.26047,4.34615612e-02
OPM3,sp3,-0.25047,4.22286362e-02
OPM3,sp3,-0.24047,4.13055914e-02
OPM3,sp3,-0.23047,4.06376006e-02
OPM3,sp3,-0.22047,4.01738058e-02
OPM3,sp3,-0.21047,3.98668388e-02
OPM3,sp3,-0.20047,3.96726271e-02
OPM3,sp3,-0.19047,3.95504578e-02
OPM3,sp3,-0.18047,3.94632548e-02
OPM3,sp3,-0.17047,3.93780047e-02
OPM3,sp3,-0.16047,3.92662446e-02
OPM3,sp3,-0.15047,3.91045202e-02
OPM3,sp3,-0.14047,3.88747207e-02
OPM3,sp3,-0.13047,3.85642176e-02
OPM3,sp3,-0.12047,3.81657601e-02
OPM3,sp3,-0.11047,3.76771174e-02
OPM3,sp3,-0.10047,3.71004931e-02
OPM3,sp3,-0.09047,3.64417664e-02
OPM3,sp3,-0.08047,3.57096321e-02
OPM3,sp3,-0.07047,3.49147156e-02
OPM3,sp3,-0.06047,3.40687327e-02
OPM3,sp3,-0.05047,3.31837466e-02
OPM3,sp3,-0.04047,3.22715568e-02
OPM3,sp3,-0.03047,3.13432325e-02
OPM3,sp3,-0.02047,3.04087893e-02
OPM3,sp3,-0.01047,2.94769948e-02
OPM3,sp3,-0.00047,2.85552823e-02
OPM3,sp3,0.00953,2.76497490e-02
OPM3,sp3,0.01953,2.67652159e-02
OPM3,sp3,0.02953,2.59053279e-02
OPM3,sp3,0.03953,2.50726788e-02
OPM3,sp3,0.04953,2.42689464e-02
OPM3,sp3,0.05953,2.34950290e-02
OPM3,sp3,0.06953,2.27472023e-02
OPM3,sp3,0.07953,2.20218308e-02
OPM3,sp3,0.08953,2.13192797e-02
OPM3,sp3,0.09953,2.06397082e-02
OPM3,sp3,0.10953,1.99830872e-02
OPM3,sp3,0.11953,1.93492200e-02
OPM3,sp3,0.12953,1.87377648e-02
OPM3,sp3,0.13953,1.81482593e-02
OPM3,sp3,0.14953,1.75801437e-02
OPM3,sp3,0.15953,1.70327833e-02
OPM3,sp3,0.16953,1.65054903e-02
OPM3,sp3,0.17953,1.59975423e-02
OPM3,sp3,0.18953,1.55081993e-02
OPM3,sp3,0.19953,1.50367185e-02
OPM3,sp3,0.20953,1.45823665e-02
OPM3,sp3,0.21953,1.41444289e-02
OPM3,sp3,0.22953,1.37222184e-02
OPM3,sp3,0.23953,1.33150806e-02
OPM3,sp3,0.24953,1.29223976e-02
OPM3,sp3,0.25953,1.25435905e-02
OPM3,sp3,0.26953,1.21781202e-02
OPM3,sp3,0.27953,1.18254875e-02
OPM3,sp3,0.28953,1.14852313e-02
OPM3,sp3,0.29953,1.11569269e-02
OPM3,sp3,0.30953,1.08401835e-02
OPM3,sp3,0.31953,1.05346408e-02
OPM3,sp3,0.32953,1.02399664e-02
OPM3,sp3,0.33953,9.95585176e-03
OPM3,sp3,0.34953,9.68200934e-03
OPM3,sp3,0.35953,9.41816921e-03
OPM3,sp3,0.36953,9.16407599e-03
OPM3,sp3,0.37953,8.91948606e-03
OPM3,sp3,0.38953,8.68416506e-03
OPM3,sp3,0.39953,8.45788562e-03
OPM3,sp3,0.40953,8.24042550e-03
OPM3,sp3,0.41953,8.03156597e-03
OPM3,sp3,0.42953,7.83109048e-03
OPM3,sp3,0.43953,7.63878373e-03
OPM3,sp3,0.44953,7.45443080e-03
OPM3,sp3,0.45953,7.27781669e-03
OPM3,sp3,0.46953,7.10872594e-03
OPM3,sp3,0.47953,6.94694245e-03
OPM3,sp3,0.48953,6.79224939e-03
OPM3,sp3,0.49953,6.64442932e-03
OPM3,sp3,0.50953,6.50326420e-03
OPM3,sp3,0.51953,6.36853566e-03
OPM3,sp3,0.52953,6.24002507e-03
OPM3,sp3,0.53953,6.11751383e-03
OPM3,sp3,0.54953,6.00078347e-03
OPM3,sp3,0.55953,5.88961584e-03
OPM3,sp3,0.56953,5.78379326e-03
OPM3,sp3,0.57953,5.68309855e-03
OPM3,sp3,0.58953,5.58731515e-03
OPM3,sp3,0.59953,5.49622711e-03
OPM3,sp3,0.60953,5.40961912e-03
OPM3,sp3,0.61953,5.32727652e-03
OPM3,sp3,0.62953,5.24898529e-03
OPM3,sp3,0.63953,5.17453216e-03
OPM3,sp3,0.64953,5.10370475e-03
OPM3,sp3,0.65953,5.03629187e-03
OPM3,sp3,0.66953,4.97208401e-03
OPM3,sp3,0.67953,4.91087414e-03
OPM3,sp3,0.68953,4.85245887e-03
OPM3,sp3,0.69953,4.79664015e-03
OPM3,sp3,0.70953,4.74322758e-03
OPM3,sp3,0.71953,4.69204158e-03
OPM3,sp3,0.72953,4.64291756e-03
OPM3,sp3,0.73953,4.59571131e-03
OPM3,sp3,0.74953,4.55030576e-03
OPM3,sp3,0.75953,4.50661941e-03
OPM3,sp3,0.76953,4.46461641e-03
OPM3,sp3,0.77953,4.42431835e-03
OPM3,sp3,0.78953,4.38581767e-03
OPM3,sp3,0.79953,4.34929211e-03
OPM3,sp3,0.80953,4.31501960e-03
OPM3,sp3,0.81953,4.28339228e-03
OPM3,sp3,0.82953,4.25492816e-03
OPM3,sp3,0.83953,4.23027819e-03
OPM3,sp3,0.84953,4.21022663e-03
OPM3,sp3,0.85953,4.19568218e-03
OPM3,sp3,0.86953,4.18765814e-03
OPM3,sp3,0.87953,4.18724059e-03
OPM3,sp3,0.88953,4.19554517e-03
OPM3,sp3,0.89953,4.21366509e-03
OPM3,sp3,0.90953,4.24261456e-03
OPM3,sp3,0.91953,4.28327371e-03
OPM3,sp3,0.92953,4.33634146e-03
OPM3,sp3,0.93953,4.40230228e-03
OPM3,sp3,0.94953,4.48141090e-03
OPM3,sp3,0.95953,4.57369642e-03
OPM3,sp3,0.96953,4.67898439e-03
OPM3,sp3,0.97953,4.79693299e-03
OPM3,sp3,0.98953,4.92707772e-03
OPM3,sp3,0.99953,5.06887897e-03
OPM3,sp3,1.00953,5.22176714e-03
OPM3,sp3,1.01953,5.38518154e-03
OPM3,sp3,1.02953,5.55860071e-03
OPM3,sp3,1.03953,5.74156366e-03
OPM3,sp3,1.04953,5.93368235e-03
OPM3,sp3,1.05953,6.13464695e-03
OPM3,sp3,1.06953,6.34867746e-03
OPM3,sp3,1.07953,6.58103717e-03
OPM3,sp3,1.08953,6.83313652e-03
OPM3,sp3,1.09953,7.10652238e-03
OPM3,sp3,1.10953,7.40288819e-03
OPM3,sp3,1.11953,7.72408408e-03
OPM3,sp3,1.12953,8.07212669e-03
OPM3,sp3,1.13953,8.44920809e-03
OPM3,sp3,1.14953,8.85770346e-03
OPM3,sp3,1.15953,9.30017644e-03
OPM3,sp3,1.16953,9.77938137e-03
OPM3,sp3,1.17953,1.02982610e-02
OPM3,sp3,1.18953,1.08599380e-02
OPM3,sp3,1.19953,1.14676985e-02
OPM3,sp3,1.20953,1.21249651e-02
OPM3,sp3,1.21953,1.28352562e-02
OPM3,sp3,1.22953,1.36021295e-02
OPM3,sp3,1.23953,1.44291045e-02
OPM3,sp3,1.24953,1.53195621e-02
OPM3,sp3,1.25953,1.62766168e-02
OPM3,sp3,1.26953,1.73029580e-02
OPM3,sp3,1.27953,1.84006612e-02
OPM3,sp3,1.28953,1.95709665e-02
OPM3,sp3,1.29953,2.08140303e-02
OPM3,sp3,1.30953,2.21286582e-02
OPM3,sp3,1.31953,2.35120314e-02
OPM3,sp3,1.32953,2.49594482e-02
OPM3,sp3,1.33953,2.64641066e-02
OPM3,sp3,1.34953,2.80169601e-02
OPM3,sp3,1.35953,2.96066828e-02
OPM3,sp3,1.36953,3.12197783e-02
OPM3,sp3,1.37953,3.28408598e-02
OPM3,sp3,1.38953,3.44531159e-02
OPM3,sp3,1.39953,3.60389564e-02
OPM3,sp3,1.40953,3.75808068e-02
OPM3,sp3,1.41953,3.90619985e-02
OPM3,sp3,1.42953,4.04676775e-02
OPM3,sp3,1.43953,4.17856487e-02
OPM3,sp3,1.44953,4.30070727e-02
OPM3,sp3,1.45953,4.41269493e-02
OPM3,sp3,1.46953,4.51443517e-02
OPM3,sp3,1.47953,4.60624043e-02
OPM3,sp3,1.48953,4.68880318e-02
OPM3,sp3,1.49953,4.76315317e-02
OPM3,sp3,1.50953,4.83060334e-02
OPM3,sp3,1.51953,4.89269151e-02
OPM3,sp3,1.52953,4.95112377e-02
OPM3,sp3,1.53953,5.00772474e-02
OPM3,sp3,1.54953,5.06439778e-02
OPM3,sp3,1.55953,5.12309736e-02
OPM3,sp3,1.56953,5.18581409e-02
OPM3,sp3,1.57953,5.25457231e-02
OPM3,sp3,1.58953,5.33143981e-02
OPM3,sp3,1.59953,5.41854881e-02
OPM3,sp3,1.60953,5.51812799e-02
OPM3,sp3,1.61953,5.63254530e-02
OPM3,sp3,1.62953,5.76436224e-02
OPM3,sp3,1.63953,5.91640106e-02
OPM3,sp3,1.64953,6.09182691e-02
OPM3,sp3,1.65953,6.29424876e-02
OPM3,sp3,1.66953,6.52784373e-02
OPM3,sp3,1.67953,6.79751204e-02
OPM3,sp3,1.68953,7.10907180e-02
OPM3,sp3,1.69953,7.46950687e-02
OPM3,sp3,1.70953,7.88728531e-02
OPM3,sp3,1.71953,8.37277314e-02
OPM3,sp3,1.72953,8.93877728e-02
OPM3,sp3,1.73953,9.60126487e-02
OPM3,sp3,1.74953,1.03803251e-01
OPM3,sp3,1.75953,1.13014666e-01
OPM3,sp3,1.76953,1.23973795e-01
OPM3,sp3,1.77953,1.37103431e-01
OPM3,sp3,1.78953,1.52955241e-01
OPM3,sp3,1.79953,1.72254810e-01
OPM3,sp3,1.80953,1.95962429e-01
OPM3,sp3,1.81953,2.25352637e-01
OPM3,sp3,1.82953,2.62111196e-01
OPM3,sp3,1.83953,3.08433542e-01
OPM3,sp3,1.84953,3.67068291e-01
OPM3,sp3,1.85953,4.41149586e-01
OPM3,sp3,1.86953,5.33448937e-01
OPM3,sp3,1.87953,6.44335585e-01
OPM3,sp3,1.88953,7.67608493e-01
OPM3,sp3,1.89953,8.84923425e-01
OPM3,sp3,1.90953,9.64874510e-01
OPM3,sp3,1.91953,9.76825057e-01
OPM3,sp3,1.92953,9.14719966e-01
OPM3,sp3,1.93953,8.02901096e-01
OPM3,sp3,1.94953,6.75502912e-01
OPM3,sp3,1.95953,5.56435271e-01
OPM3,sp3,1.96953,4.55704305e-01
OPM3,sp3,1.97953,3.74517228e-01
OPM3,sp3,1.98953,3.10402292e-01
OPM3,sp3,1.99953,2.60025266e-01
OPM3,sp3,2.00953,2.20320210e-01
OPM3,sp3,2.01953,1.88799586e-01
OPM3,sp3,2.02953,1.63547089e-01
OPM3,sp3,2.03953,1.43117395e-01
OPM3,sp3,2.04953,1.26427211e-01
OPM3,sp3,2.05953,1.12663380e-01
OPM3,sp3,2.06953,1.01204882e-01
OPM3,sp3,2.07953,9.15813635e-02
OPM3,sp3,2.08953,8.34386499e-02
OPM3,sp3,2.09953,7.65019073e-02
OPM3,sp3,2.10953,7.05559510e-02
OPM3,sp3,2.11953,6.54308164e-02
OPM3,sp3,2.12953,6.09911207e-02
OPM3,sp3,2.13953,5.71281579e-02
OPM3,sp3,2.14953,5.37539786e-02
OPM3,sp3,2.15953,5.07969181e-02
OPM3,sp3,2.16953,4.81981918e-02
OPM3,sp3,2.17953,4.59092810e-02
OPM3,sp3,2.18953,4.38899098e-02
OPM3,sp3,2.19953,4.21064680e-02
OPM3,sp3,2.20953,4.05307721e-02
OPM3,sp3,2.21953,3.91390846e-02
OPM3,sp3,2.22953,3.79113335e-02
OPM3,sp3,2.23953,3.68304856e-02
OPM3,sp3,2.24953,3.58820405e-02
OPM3,sp3,2.25953,3.50536204e-02
OPM3,sp3,2.26953,3.43346335e-02
OPM3,sp3,2.27953,3.37159975e-02
OPM3,sp3,2.28953,3.31899102e-02
OPM3,sp3,2.29953,3.27496586e-02
OPM3,sp3,2.30953,3.23894578e-02
OPM3,sp3,2.31953,3.21043149e-02
OPM3,sp3,2.32953,3.18899134e-02
OPM3,sp3,2.33953,3.17425134e-02
OPM3,sp3,2.34953,3.16588661e-02
OPM3,sp3,2.35953,3.16361390e-02
OPM3,sp3,2.36953,3.16718519e-02
OPM3,sp3,2.37953,3.17638219e-02
OPM3,sp3,2.38953,3.19101161e-02
OPM3,sp3,2.39953,3.21090131e-02
OPM3,sp3,2.40953,3.23589737e-02
OPM3,sp3,2.41953,3.26586192e-02
OPM3,sp3,2.42953,3.30067212e-02
OPM3,sp3,2.43953,3.34022010e-02
OPM3,sp3,2.44953,3.38441416e-02
OPM3,sp3,2.45953,3.43318120e-02
OPM3,sp3,2.46953,3.48647048e-02
OPM3,sp3,2.47953,3.54425873e-02
OPM3,sp3,2.48953,3.60655665e-02
OPM3,sp3,2.49953,3.67341656e-02
OPM3,sp3,2.50953,3.74494138e-02
OPM3,sp3,2.51953,3.82129438e-02
OPM3,sp3,2.52953,3.90270999e-02
OPM3,sp3,2.53953,3.98950511e-02
OPM3,sp3,2.54953,4.08209118e-02
OPM3,sp3,2.55953,4.18098689e-02
OPM3,sp3,2.56953,4.28683195e-02
OPM3,sp3,2.57953,4.40040302e-02
OPM3,sp3,2.58953,4.52263372e-02
OPM3,sp3,2.59953,4.65464423e-02
OPM3,sp3,2.60953,4.79779365e-02
OPM3,sp3,2.61953,4.95379166e-02
OPM3,sp3,2.62953,5.12497921e-02
OPM3,sp3,2.63953,5.31513950e-02
OPM3,sp3,2.64953,5.53218890e-02
OPM3,sp3,2.65953,5.79868020e-02
OPM3,sp3,2.66953,6.20316768e-02
OPM3,sp3,2.67953,7.26153511e-02
OPM3,sp3,2.68953,1.51381541e-01
OPM3,sp3,2.69953,9.08177962e-01
OPM3,sp3,2.70953,2.83371229e-01
OPM3,sp3,2.71953,2.41247705e-01
OPM3,sp3,2.72953,3.13439875e-01
OPM3,sp3,2.73953,5.88626707e-01
OPM3,sp3,2.74953,1.00164795e+00
OPM3,sp3,2.75953,7.49882460e-01
OPM3,sp3,2.76953,7.87138915e-01
OPM3,sp3,2.77953,6.60648080e-01
OPM3,sp3,2.78953,1.64562446e-01
OPM3,sp3,2.79953,1.24487713e-01
OPM3,sp3,2.80953,1.30371286e-01
OPM3,sp3,2.81953,1.44379814e-01
OPM3,sp3,2.82953,1.62179726e-01
OPM3,sp3,2.83953,1.83529310e-01
OPM3,sp3,2.84953,2.09072524e-01
OPM3,sp3,2.85953,2.39843205e-01
OPM3,sp3,2.86953,2.77199269e-01
OPM3,sp3,2.87953,3.22832123e-01
OPM3,sp3,2.88953,3.78742482e-01
OPM3,sp3,2.89953,4.47071097e-01
OPM3,sp3,2.90953,5.29587313e-01
OPM3,sp3,2.91953,6.26511071e-01
OPM3,sp3,2.92953,7.34320848e-01
OPM3,sp3,2.93953,8.42756254e-01
OPM3,sp3,2.94953,9.33078355e-01
OPM3,sp3,2.95953,9.81998598e-01
OPM3,sp3,2.96953,9.73353736e-01
OPM3,sp3,2.97953,9.09379989e-01
OPM3,sp3,2.98953,8.09210882e-01
OPM3,sp3,2.99953,6.96297147e-01
OPM3,sp3,3.00953,5.87863990e-01
OPM3,sp3,3.01953,4.92484180e-01
OPM3,sp3,3.02953,4.12482356e-01
OPM3,sp3,3.03953,3.46960124e-01
OPM3,sp3,3.04953,2.93820610e-01
OPM3,sp3,3.05953,2.50792764e-01
OPM3,sp3,3.06953,2.15836136e-01
OPM3,sp3,3.07953,1.87267533e-01
OPM3,sp3,3.08953,1.63755917e-01
OPM3,sp3,3.09953,1.44259622e-01
OPM3,sp3,3.10953,1.27968604e-01
OPM3,sp3,3.11953,1.14253133e-01
OPM3,sp3,3.12953,1.02622115e-01
OPM3,sp3,3.13953,9.26905960e-02
OPM3,sp3,3.14953,8.41549361e-02
OPM3,sp3,3.15953,7.67740023e-02
OPM3,sp3,3.16953,7.03549548e-02
OPM3,sp3,3.17953,6.47424917e-02
OPM3,sp3,3.18953,5.98106806e-02
OPM3,sp3,3.19953,5.54567239e-02
OPM3,sp3,3.20953,5.15961731e-02
OPM3,sp3,3.21953,4.81592326e-02
OPM3,sp3,3.22953,4.50878873e-02
OPM3,sp3,3.23953,4.23336550e-02
OPM3,sp3,3.24953,3.98558191e-02
OPM3,sp3,3.25953,3.76200278e-02
OPM3,sp3,3.26953,3.55971796e-02
OPM3,sp3,3.27953,3.37625306e-02
OPM3,sp3,3.28953,3.20949760e-02
OPM3,sp3,3.29953,3.05764690e-02
OPM3,sp3,3.30953,2.91915480e-02
OPM3,sp3,3.31953,2.79269517e-02
OPM3,sp3,3.32953,2.67713023e-02
OPM3,sp3,3.33953,2.57148458e-02
OPM3,sp3,3.34953,2.47492358e-02
OPM3,sp3,3.35953,2.38673550e-02
OPM3,sp3,3.36953,2.30631648e-02
OPM3,sp3,3.37953,2.23315791e-02
OPM3,sp3,3.38953,2.16683566e-02
OPM3,sp3,3.39953,2.10700090e-02
OPM3,sp3,3.40953,2.05337201e-02
OPM3,sp3,3.41953,2.00572762e-02
OPM3,sp3,3.42953,1.96390031e-02
OPM3,sp3,3.43953,1.92777108e-02
OPM3,sp3,3.44953,1.89726432e-02
OPM3,sp3,3.45953,1.87234343e-02
OPM3,sp3,3.46953,1.85300692e-02
OPM3,sp3,3.47953,1.83928514e-02
OPM3,sp3,3.48953,1.83123777e-02
OPM3,sp3,3.49953,1.82895205e-02
OPM3,sp3,3.50953,1.83254189e-02
OPM3,sp3,3.51953,1.84214815e-02
OPM3,sp3,3.52953,1.85793993e-02
OPM3,sp3,3.53953,1.88011729e-02
OPM3,sp3,3.54953,1.90891531e-02
OPM3,sp3,3.55953,1.94460966e-02
OPM3,sp3,3.56953,1.98752389e-02
OPM3,sp3,3.57953,2.03803841e-02
OPM3,sp3,3.58953,2.09660152e-02
OPM3,sp3,3.59953,2.16374259e-02
OPM3,sp3,3.60953,2.24008785e-02
OPM3,sp3,3.61953,2.32637910e-02
OPM3,sp3,3.62953,2.42349607e-02
OPM3,sp3,3.63953,2.53248323e-02
OPM3,sp3,3.64953,2.65458212e-02
OPM3,sp3,3.65953,2.79127069e-02
OPM3,sp3,3.66953,2.94431161e-02
OPM3,sp3,3.67953,3.11581201e-02
OPM3,sp3,3.68953,3.30829815e-02
OPM3,sp3,3.69953,3.52480942e-02
OPM3,sp3,3.70953,3.76901783e-02
OPM3,sp3,3.71953,4.04538104e-02
OPM3,sp3,3.72953,4.35934020e-02
OPM3,sp3,3.73953,4.71757785e-02
OPM3,sp3,3.74953,5.12835741e-02
OPM3,sp3,3.75953,5.60197391e-02
OPM3,sp3,3.76953,6.15135863e-02
OPM3,sp3,3.77953,6.79289805e-02
OPM3,sp3,3.78953,7.54755457e-02
OPM3,sp3,3.79953,8.44241535e-02
OPM3,sp3,3.80953,9.51285385e-02
OPM3,sp3,3.81953,1.08055719e-01
OPM3,sp3,3.82953,1.23829078e-01
OPM3,sp3,3.83953,1.43289507e-01
OPM3,sp3,3.84953,1.67581639e-01
OPM3,sp3,3.85953,1.98272831e-01
OPM3,sp3,3.86953,2.37508277e-01
OPM3,sp3,3.87953,2.88185107e-01
OPM3,sp3,3.88953,3.54061056e-01
OPM3,sp3,3.89953,4.39526054e-01
OPM3,sp3,3.90953,5.48326911e-01
OPM3,sp3,3.91953,6.79817410e-01
OPM3,sp3,3.92953,8.21346010e-01
OPM3,sp3,3.93953,9.40296687e-01
OPM3,sp3,3.94953,9.91396686e-01
OPM3,sp3,3.95953,9.50225015e-01
OPM3,sp3,3.96953,8.37890560e-01
OPM3,sp3,3.97953,6.99127759e-01
OPM3,sp3,3.98953,5.67874188e-01
OPM3,sp3,3.99953,4.58143500e-01
OPM3,sp3,4.00953,3.71384608e-01
OPM3,sp3,4.01953,3.04215021e-01
OPM3,sp3,4.02953,2.52379170e-01
OPM3,sp3,4.03953,2.12152573e-01
OPM3,sp3,4.04953,1.80632144e-01
OPM3,sp3,4.05953,1.55654100e-01
